name,type,direction,description
dim_0000,integer,,Pmapper dimension index 0
dim_0001,integer,,Pmapper dimension index 1
dim_0002,integer,,Pmapper dimension index 2
dim_0003,integer,,Pmapper dimension index 3
dim_0004,integer,,Pmapper dimension index 4
dim_0005,integer,,Pmapper dimension index 5
dim_0006,integer,,Pmapper dimension index 6
dim_0007,integer,,Pmapper dimension index 7
dim_0008,integer,,Pmapper dimension index 8
dim_0009,integer,,Pmapper dimension index 9
dim_0010,integer,,Pmapper dimension index 10
dim_0011,integer,,Pmapper dimension index 11
dim_0012,integer,,Pmapper dimension index 12
dim_0013,integer,,Pmapper dimension index 13
dim_0014,integer,,Pmapper dimension index 14
dim_0015,integer,,Pmapper dimension index 15
dim_0016,integer,,Pmapper dimension index 16
dim_0017,integer,,Pmapper dimension index 17
dim_0018,integer,,Pmapper dimension index 18
dim_0019,integer,,Pmapper dimension index 19
dim_0020,integer,,Pmapper dimension index 20
dim_0021,integer,,Pmapper dimension index 21
dim_0022,integer,,Pmapper dimension index 22
dim_0023,integer,,Pmapper dimension index 23
dim_0024,integer,,Pmapper dimension index 24
dim_0025,integer,,Pmapper dimension index 25
dim_0026,integer,,Pmapper dimension index 26
dim_0027,integer,,Pmapper dimension index 27
dim_0028,integer,,Pmapper dimension index 28
dim_0029,integer,,Pmapper dimension index 29
dim_0030,integer,,Pmapper dimension index 30
dim_0031,integer,,Pmapper dimension index 31
dim_0032,integer,,Pmapper dimension index 32
dim_0033,integer,,Pmapper dimension index 33
dim_0034,integer,,Pmapper dimension index 34
dim_0035,integer,,Pmapper dimension index 35
dim_0036,integer,,Pmapper dimension index 36
dim_0037,integer,,Pmapper dimension index 37
dim_0038,integer,,Pmapper dimension index 38
dim_0039,integer,,Pmapper dimension index 39
dim_0040,integer,,Pmapper dimension index 40
dim_0041,integer,,Pmapper dimension index 41
dim_0042,integer,,Pmapper dimension index 42
dim_0043,integer,,Pmapper dimension index 43
dim_0044,integer,,Pmapper dimension index 44
dim_0045,integer,,Pmapper dimension index 45
dim_0046,integer,,Pmapper dimension index 46
dim_0047,integer,,Pmapper dimension index 47
dim_0048,integer,,Pmapper dimension index 48
dim_0049,integer,,Pmapper dimension index 49
dim_0050,integer,,Pmapper dimension index 50
dim_0051,integer,,Pmapper dimension index 51
dim_0052,integer,,Pmapper dimension index 52
dim_0053,integer,,Pmapper dimension index 53
dim_0054,integer,,Pmapper dimension index 54
dim_0055,integer,,Pmapper dimension index 55
dim_0056,integer,,Pmapper dimension index 56
dim_0057,integer,,Pmapper dimension index 57
dim_0058,integer,,Pmapper dimension index 58
dim_0059,integer,,Pmapper dimension index 59
dim_0060,integer,,Pmapper dimension index 60
dim_0061,integer,,Pmapper dimension index 61
dim_0062,integer,,Pmapper dimension index 62
dim_0063,integer,,Pmapper dimension index 63
dim_0064,integer,,Pmapper dimension index 64
dim_0065,integer,,Pmapper dimension index 65
dim_0066,integer,,Pmapper dimension index 66
dim_0067,integer,,Pmapper dimension index 67
dim_0068,integer,,Pmapper dimension index 68
dim_0069,integer,,Pmapper dimension index 69
dim_0070,integer,,Pmapper dimension index 70
dim_0071,integer,,Pmapper dimension index 71
dim_0072,integer,,Pmapper dimension index 72
dim_0073,integer,,Pmapper dimension index 73
dim_0074,integer,,Pmapper dimension index 74
dim_0075,integer,,Pmapper dimension index 75
dim_0076,integer,,Pmapper dimension index 76
dim_0077,integer,,Pmapper dimension index 77
dim_0078,integer,,Pmapper dimension index 78
dim_0079,integer,,Pmapper dimension index 79
dim_0080,integer,,Pmapper dimension index 80
dim_0081,integer,,Pmapper dimension index 81
dim_0082,integer,,Pmapper dimension index 82
dim_0083,integer,,Pmapper dimension index 83
dim_0084,integer,,Pmapper dimension index 84
dim_0085,integer,,Pmapper dimension index 85
dim_0086,integer,,Pmapper dimension index 86
dim_0087,integer,,Pmapper dimension index 87
dim_0088,integer,,Pmapper dimension index 88
dim_0089,integer,,Pmapper dimension index 89
dim_0090,integer,,Pmapper dimension index 90
dim_0091,integer,,Pmapper dimension index 91
dim_0092,integer,,Pmapper dimension index 92
dim_0093,integer,,Pmapper dimension index 93
dim_0094,integer,,Pmapper dimension index 94
dim_0095,integer,,Pmapper dimension index 95
dim_0096,integer,,Pmapper dimension index 96
dim_0097,integer,,Pmapper dimension index 97
dim_0098,integer,,Pmapper dimension index 98
dim_0099,integer,,Pmapper dimension index 99
dim_0100,integer,,Pmapper dimension index 100
dim_0101,integer,,Pmapper dimension index 101
dim_0102,integer,,Pmapper dimension index 102
dim_0103,integer,,Pmapper dimension index 103
dim_0104,integer,,Pmapper dimension index 104
dim_0105,integer,,Pmapper dimension index 105
dim_0106,integer,,Pmapper dimension index 106
dim_0107,integer,,Pmapper dimension index 107
dim_0108,integer,,Pmapper dimension index 108
dim_0109,integer,,Pmapper dimension index 109
dim_0110,integer,,Pmapper dimension index 110
dim_0111,integer,,Pmapper dimension index 111
dim_0112,integer,,Pmapper dimension index 112
dim_0113,integer,,Pmapper dimension index 113
dim_0114,integer,,Pmapper dimension index 114
dim_0115,integer,,Pmapper dimension index 115
dim_0116,integer,,Pmapper dimension index 116
dim_0117,integer,,Pmapper dimension index 117
dim_0118,integer,,Pmapper dimension index 118
dim_0119,integer,,Pmapper dimension index 119
dim_0120,integer,,Pmapper dimension index 120
dim_0121,integer,,Pmapper dimension index 121
dim_0122,integer,,Pmapper dimension index 122
dim_0123,integer,,Pmapper dimension index 123
dim_0124,integer,,Pmapper dimension index 124
dim_0125,integer,,Pmapper dimension index 125
dim_0126,integer,,Pmapper dimension index 126
dim_0127,integer,,Pmapper dimension index 127
dim_0128,integer,,Pmapper dimension index 128
dim_0129,integer,,Pmapper dimension index 129
dim_0130,integer,,Pmapper dimension index 130
dim_0131,integer,,Pmapper dimension index 131
dim_0132,integer,,Pmapper dimension index 132
dim_0133,integer,,Pmapper dimension index 133
dim_0134,integer,,Pmapper dimension index 134
dim_0135,integer,,Pmapper dimension index 135
dim_0136,integer,,Pmapper dimension index 136
dim_0137,integer,,Pmapper dimension index 137
dim_0138,integer,,Pmapper dimension index 138
dim_0139,integer,,Pmapper dimension index 139
dim_0140,integer,,Pmapper dimension index 140
dim_0141,integer,,Pmapper dimension index 141
dim_0142,integer,,Pmapper dimension index 142
dim_0143,integer,,Pmapper dimension index 143
dim_0144,integer,,Pmapper dimension index 144
dim_0145,integer,,Pmapper dimension index 145
dim_0146,integer,,Pmapper dimension index 146
dim_0147,integer,,Pmapper dimension index 147
dim_0148,integer,,Pmapper dimension index 148
dim_0149,integer,,Pmapper dimension index 149
dim_0150,integer,,Pmapper dimension index 150
dim_0151,integer,,Pmapper dimension index 151
dim_0152,integer,,Pmapper dimension index 152
dim_0153,integer,,Pmapper dimension index 153
dim_0154,integer,,Pmapper dimension index 154
dim_0155,integer,,Pmapper dimension index 155
dim_0156,integer,,Pmapper dimension index 156
dim_0157,integer,,Pmapper dimension index 157
dim_0158,integer,,Pmapper dimension index 158
dim_0159,integer,,Pmapper dimension index 159
dim_0160,integer,,Pmapper dimension index 160
dim_0161,integer,,Pmapper dimension index 161
dim_0162,integer,,Pmapper dimension index 162
dim_0163,integer,,Pmapper dimension index 163
dim_0164,integer,,Pmapper dimension index 164
dim_0165,integer,,Pmapper dimension index 165
dim_0166,integer,,Pmapper dimension index 166
dim_0167,integer,,Pmapper dimension index 167
dim_0168,integer,,Pmapper dimension index 168
dim_0169,integer,,Pmapper dimension index 169
dim_0170,integer,,Pmapper dimension index 170
dim_0171,integer,,Pmapper dimension index 171
dim_0172,integer,,Pmapper dimension index 172
dim_0173,integer,,Pmapper dimension index 173
dim_0174,integer,,Pmapper dimension index 174
dim_0175,integer,,Pmapper dimension index 175
dim_0176,integer,,Pmapper dimension index 176
dim_0177,integer,,Pmapper dimension index 177
dim_0178,integer,,Pmapper dimension index 178
dim_0179,integer,,Pmapper dimension index 179
dim_0180,integer,,Pmapper dimension index 180
dim_0181,integer,,Pmapper dimension index 181
dim_0182,integer,,Pmapper dimension index 182
dim_0183,integer,,Pmapper dimension index 183
dim_0184,integer,,Pmapper dimension index 184
dim_0185,integer,,Pmapper dimension index 185
dim_0186,integer,,Pmapper dimension index 186
dim_0187,integer,,Pmapper dimension index 187
dim_0188,integer,,Pmapper dimension index 188
dim_0189,integer,,Pmapper dimension index 189
dim_0190,integer,,Pmapper dimension index 190
dim_0191,integer,,Pmapper dimension index 191
dim_0192,integer,,Pmapper dimension index 192
dim_0193,integer,,Pmapper dimension index 193
dim_0194,integer,,Pmapper dimension index 194
dim_0195,integer,,Pmapper dimension index 195
dim_0196,integer,,Pmapper dimension index 196
dim_0197,integer,,Pmapper dimension index 197
dim_0198,integer,,Pmapper dimension index 198
dim_0199,integer,,Pmapper dimension index 199
dim_0200,integer,,Pmapper dimension index 200
dim_0201,integer,,Pmapper dimension index 201
dim_0202,integer,,Pmapper dimension index 202
dim_0203,integer,,Pmapper dimension index 203
dim_0204,integer,,Pmapper dimension index 204
dim_0205,integer,,Pmapper dimension index 205
dim_0206,integer,,Pmapper dimension index 206
dim_0207,integer,,Pmapper dimension index 207
dim_0208,integer,,Pmapper dimension index 208
dim_0209,integer,,Pmapper dimension index 209
dim_0210,integer,,Pmapper dimension index 210
dim_0211,integer,,Pmapper dimension index 211
dim_0212,integer,,Pmapper dimension index 212
dim_0213,integer,,Pmapper dimension index 213
dim_0214,integer,,Pmapper dimension index 214
dim_0215,integer,,Pmapper dimension index 215
dim_0216,integer,,Pmapper dimension index 216
dim_0217,integer,,Pmapper dimension index 217
dim_0218,integer,,Pmapper dimension index 218
dim_0219,integer,,Pmapper dimension index 219
dim_0220,integer,,Pmapper dimension index 220
dim_0221,integer,,Pmapper dimension index 221
dim_0222,integer,,Pmapper dimension index 222
dim_0223,integer,,Pmapper dimension index 223
dim_0224,integer,,Pmapper dimension index 224
dim_0225,integer,,Pmapper dimension index 225
dim_0226,integer,,Pmapper dimension index 226
dim_0227,integer,,Pmapper dimension index 227
dim_0228,integer,,Pmapper dimension index 228
dim_0229,integer,,Pmapper dimension index 229
dim_0230,integer,,Pmapper dimension index 230
dim_0231,integer,,Pmapper dimension index 231
dim_0232,integer,,Pmapper dimension index 232
dim_0233,integer,,Pmapper dimension index 233
dim_0234,integer,,Pmapper dimension index 234
dim_0235,integer,,Pmapper dimension index 235
dim_0236,integer,,Pmapper dimension index 236
dim_0237,integer,,Pmapper dimension index 237
dim_0238,integer,,Pmapper dimension index 238
dim_0239,integer,,Pmapper dimension index 239
dim_0240,integer,,Pmapper dimension index 240
dim_0241,integer,,Pmapper dimension index 241
dim_0242,integer,,Pmapper dimension index 242
dim_0243,integer,,Pmapper dimension index 243
dim_0244,integer,,Pmapper dimension index 244
dim_0245,integer,,Pmapper dimension index 245
dim_0246,integer,,Pmapper dimension index 246
dim_0247,integer,,Pmapper dimension index 247
dim_0248,integer,,Pmapper dimension index 248
dim_0249,integer,,Pmapper dimension index 249
dim_0250,integer,,Pmapper dimension index 250
dim_0251,integer,,Pmapper dimension index 251
dim_0252,integer,,Pmapper dimension index 252
dim_0253,integer,,Pmapper dimension index 253
dim_0254,integer,,Pmapper dimension index 254
dim_0255,integer,,Pmapper dimension index 255
dim_0256,integer,,Pmapper dimension index 256
dim_0257,integer,,Pmapper dimension index 257
dim_0258,integer,,Pmapper dimension index 258
dim_0259,integer,,Pmapper dimension index 259
dim_0260,integer,,Pmapper dimension index 260
dim_0261,integer,,Pmapper dimension index 261
dim_0262,integer,,Pmapper dimension index 262
dim_0263,integer,,Pmapper dimension index 263
dim_0264,integer,,Pmapper dimension index 264
dim_0265,integer,,Pmapper dimension index 265
dim_0266,integer,,Pmapper dimension index 266
dim_0267,integer,,Pmapper dimension index 267
dim_0268,integer,,Pmapper dimension index 268
dim_0269,integer,,Pmapper dimension index 269
dim_0270,integer,,Pmapper dimension index 270
dim_0271,integer,,Pmapper dimension index 271
dim_0272,integer,,Pmapper dimension index 272
dim_0273,integer,,Pmapper dimension index 273
dim_0274,integer,,Pmapper dimension index 274
dim_0275,integer,,Pmapper dimension index 275
dim_0276,integer,,Pmapper dimension index 276
dim_0277,integer,,Pmapper dimension index 277
dim_0278,integer,,Pmapper dimension index 278
dim_0279,integer,,Pmapper dimension index 279
dim_0280,integer,,Pmapper dimension index 280
dim_0281,integer,,Pmapper dimension index 281
dim_0282,integer,,Pmapper dimension index 282
dim_0283,integer,,Pmapper dimension index 283
dim_0284,integer,,Pmapper dimension index 284
dim_0285,integer,,Pmapper dimension index 285
dim_0286,integer,,Pmapper dimension index 286
dim_0287,integer,,Pmapper dimension index 287
dim_0288,integer,,Pmapper dimension index 288
dim_0289,integer,,Pmapper dimension index 289
dim_0290,integer,,Pmapper dimension index 290
dim_0291,integer,,Pmapper dimension index 291
dim_0292,integer,,Pmapper dimension index 292
dim_0293,integer,,Pmapper dimension index 293
dim_0294,integer,,Pmapper dimension index 294
dim_0295,integer,,Pmapper dimension index 295
dim_0296,integer,,Pmapper dimension index 296
dim_0297,integer,,Pmapper dimension index 297
dim_0298,integer,,Pmapper dimension index 298
dim_0299,integer,,Pmapper dimension index 299
dim_0300,integer,,Pmapper dimension index 300
dim_0301,integer,,Pmapper dimension index 301
dim_0302,integer,,Pmapper dimension index 302
dim_0303,integer,,Pmapper dimension index 303
dim_0304,integer,,Pmapper dimension index 304
dim_0305,integer,,Pmapper dimension index 305
dim_0306,integer,,Pmapper dimension index 306
dim_0307,integer,,Pmapper dimension index 307
dim_0308,integer,,Pmapper dimension index 308
dim_0309,integer,,Pmapper dimension index 309
dim_0310,integer,,Pmapper dimension index 310
dim_0311,integer,,Pmapper dimension index 311
dim_0312,integer,,Pmapper dimension index 312
dim_0313,integer,,Pmapper dimension index 313
dim_0314,integer,,Pmapper dimension index 314
dim_0315,integer,,Pmapper dimension index 315
dim_0316,integer,,Pmapper dimension index 316
dim_0317,integer,,Pmapper dimension index 317
dim_0318,integer,,Pmapper dimension index 318
dim_0319,integer,,Pmapper dimension index 319
dim_0320,integer,,Pmapper dimension index 320
dim_0321,integer,,Pmapper dimension index 321
dim_0322,integer,,Pmapper dimension index 322
dim_0323,integer,,Pmapper dimension index 323
dim_0324,integer,,Pmapper dimension index 324
dim_0325,integer,,Pmapper dimension index 325
dim_0326,integer,,Pmapper dimension index 326
dim_0327,integer,,Pmapper dimension index 327
dim_0328,integer,,Pmapper dimension index 328
dim_0329,integer,,Pmapper dimension index 329
dim_0330,integer,,Pmapper dimension index 330
dim_0331,integer,,Pmapper dimension index 331
dim_0332,integer,,Pmapper dimension index 332
dim_0333,integer,,Pmapper dimension index 333
dim_0334,integer,,Pmapper dimension index 334
dim_0335,integer,,Pmapper dimension index 335
dim_0336,integer,,Pmapper dimension index 336
dim_0337,integer,,Pmapper dimension index 337
dim_0338,integer,,Pmapper dimension index 338
dim_0339,integer,,Pmapper dimension index 339
dim_0340,integer,,Pmapper dimension index 340
dim_0341,integer,,Pmapper dimension index 341
dim_0342,integer,,Pmapper dimension index 342
dim_0343,integer,,Pmapper dimension index 343
dim_0344,integer,,Pmapper dimension index 344
dim_0345,integer,,Pmapper dimension index 345
dim_0346,integer,,Pmapper dimension index 346
dim_0347,integer,,Pmapper dimension index 347
dim_0348,integer,,Pmapper dimension index 348
dim_0349,integer,,Pmapper dimension index 349
dim_0350,integer,,Pmapper dimension index 350
dim_0351,integer,,Pmapper dimension index 351
dim_0352,integer,,Pmapper dimension index 352
dim_0353,integer,,Pmapper dimension index 353
dim_0354,integer,,Pmapper dimension index 354
dim_0355,integer,,Pmapper dimension index 355
dim_0356,integer,,Pmapper dimension index 356
dim_0357,integer,,Pmapper dimension index 357
dim_0358,integer,,Pmapper dimension index 358
dim_0359,integer,,Pmapper dimension index 359
dim_0360,integer,,Pmapper dimension index 360
dim_0361,integer,,Pmapper dimension index 361
dim_0362,integer,,Pmapper dimension index 362
dim_0363,integer,,Pmapper dimension index 363
dim_0364,integer,,Pmapper dimension index 364
dim_0365,integer,,Pmapper dimension index 365
dim_0366,integer,,Pmapper dimension index 366
dim_0367,integer,,Pmapper dimension index 367
dim_0368,integer,,Pmapper dimension index 368
dim_0369,integer,,Pmapper dimension index 369
dim_0370,integer,,Pmapper dimension index 370
dim_0371,integer,,Pmapper dimension index 371
dim_0372,integer,,Pmapper dimension index 372
dim_0373,integer,,Pmapper dimension index 373
dim_0374,integer,,Pmapper dimension index 374
dim_0375,integer,,Pmapper dimension index 375
dim_0376,integer,,Pmapper dimension index 376
dim_0377,integer,,Pmapper dimension index 377
dim_0378,integer,,Pmapper dimension index 378
dim_0379,integer,,Pmapper dimension index 379
dim_0380,integer,,Pmapper dimension index 380
dim_0381,integer,,Pmapper dimension index 381
dim_0382,integer,,Pmapper dimension index 382
dim_0383,integer,,Pmapper dimension index 383
dim_0384,integer,,Pmapper dimension index 384
dim_0385,integer,,Pmapper dimension index 385
dim_0386,integer,,Pmapper dimension index 386
dim_0387,integer,,Pmapper dimension index 387
dim_0388,integer,,Pmapper dimension index 388
dim_0389,integer,,Pmapper dimension index 389
dim_0390,integer,,Pmapper dimension index 390
dim_0391,integer,,Pmapper dimension index 391
dim_0392,integer,,Pmapper dimension index 392
dim_0393,integer,,Pmapper dimension index 393
dim_0394,integer,,Pmapper dimension index 394
dim_0395,integer,,Pmapper dimension index 395
dim_0396,integer,,Pmapper dimension index 396
dim_0397,integer,,Pmapper dimension index 397
dim_0398,integer,,Pmapper dimension index 398
dim_0399,integer,,Pmapper dimension index 399
dim_0400,integer,,Pmapper dimension index 400
dim_0401,integer,,Pmapper dimension index 401
dim_0402,integer,,Pmapper dimension index 402
dim_0403,integer,,Pmapper dimension index 403
dim_0404,integer,,Pmapper dimension index 404
dim_0405,integer,,Pmapper dimension index 405
dim_0406,integer,,Pmapper dimension index 406
dim_0407,integer,,Pmapper dimension index 407
dim_0408,integer,,Pmapper dimension index 408
dim_0409,integer,,Pmapper dimension index 409
dim_0410,integer,,Pmapper dimension index 410
dim_0411,integer,,Pmapper dimension index 411
dim_0412,integer,,Pmapper dimension index 412
dim_0413,integer,,Pmapper dimension index 413
dim_0414,integer,,Pmapper dimension index 414
dim_0415,integer,,Pmapper dimension index 415
dim_0416,integer,,Pmapper dimension index 416
dim_0417,integer,,Pmapper dimension index 417
dim_0418,integer,,Pmapper dimension index 418
dim_0419,integer,,Pmapper dimension index 419
dim_0420,integer,,Pmapper dimension index 420
dim_0421,integer,,Pmapper dimension index 421
dim_0422,integer,,Pmapper dimension index 422
dim_0423,integer,,Pmapper dimension index 423
dim_0424,integer,,Pmapper dimension index 424
dim_0425,integer,,Pmapper dimension index 425
dim_0426,integer,,Pmapper dimension index 426
dim_0427,integer,,Pmapper dimension index 427
dim_0428,integer,,Pmapper dimension index 428
dim_0429,integer,,Pmapper dimension index 429
dim_0430,integer,,Pmapper dimension index 430
dim_0431,integer,,Pmapper dimension index 431
dim_0432,integer,,Pmapper dimension index 432
dim_0433,integer,,Pmapper dimension index 433
dim_0434,integer,,Pmapper dimension index 434
dim_0435,integer,,Pmapper dimension index 435
dim_0436,integer,,Pmapper dimension index 436
dim_0437,integer,,Pmapper dimension index 437
dim_0438,integer,,Pmapper dimension index 438
dim_0439,integer,,Pmapper dimension index 439
dim_0440,integer,,Pmapper dimension index 440
dim_0441,integer,,Pmapper dimension index 441
dim_0442,integer,,Pmapper dimension index 442
dim_0443,integer,,Pmapper dimension index 443
dim_0444,integer,,Pmapper dimension index 444
dim_0445,integer,,Pmapper dimension index 445
dim_0446,integer,,Pmapper dimension index 446
dim_0447,integer,,Pmapper dimension index 447
dim_0448,integer,,Pmapper dimension index 448
dim_0449,integer,,Pmapper dimension index 449
dim_0450,integer,,Pmapper dimension index 450
dim_0451,integer,,Pmapper dimension index 451
dim_0452,integer,,Pmapper dimension index 452
dim_0453,integer,,Pmapper dimension index 453
dim_0454,integer,,Pmapper dimension index 454
dim_0455,integer,,Pmapper dimension index 455
dim_0456,integer,,Pmapper dimension index 456
dim_0457,integer,,Pmapper dimension index 457
dim_0458,integer,,Pmapper dimension index 458
dim_0459,integer,,Pmapper dimension index 459
dim_0460,integer,,Pmapper dimension index 460
dim_0461,integer,,Pmapper dimension index 461
dim_0462,integer,,Pmapper dimension index 462
dim_0463,integer,,Pmapper dimension index 463
dim_0464,integer,,Pmapper dimension index 464
dim_0465,integer,,Pmapper dimension index 465
dim_0466,integer,,Pmapper dimension index 466
dim_0467,integer,,Pmapper dimension index 467
dim_0468,integer,,Pmapper dimension index 468
dim_0469,integer,,Pmapper dimension index 469
dim_0470,integer,,Pmapper dimension index 470
dim_0471,integer,,Pmapper dimension index 471
dim_0472,integer,,Pmapper dimension index 472
dim_0473,integer,,Pmapper dimension index 473
dim_0474,integer,,Pmapper dimension index 474
dim_0475,integer,,Pmapper dimension index 475
dim_0476,integer,,Pmapper dimension index 476
dim_0477,integer,,Pmapper dimension index 477
dim_0478,integer,,Pmapper dimension index 478
dim_0479,integer,,Pmapper dimension index 479
dim_0480,integer,,Pmapper dimension index 480
dim_0481,integer,,Pmapper dimension index 481
dim_0482,integer,,Pmapper dimension index 482
dim_0483,integer,,Pmapper dimension index 483
dim_0484,integer,,Pmapper dimension index 484
dim_0485,integer,,Pmapper dimension index 485
dim_0486,integer,,Pmapper dimension index 486
dim_0487,integer,,Pmapper dimension index 487
dim_0488,integer,,Pmapper dimension index 488
dim_0489,integer,,Pmapper dimension index 489
dim_0490,integer,,Pmapper dimension index 490
dim_0491,integer,,Pmapper dimension index 491
dim_0492,integer,,Pmapper dimension index 492
dim_0493,integer,,Pmapper dimension index 493
dim_0494,integer,,Pmapper dimension index 494
dim_0495,integer,,Pmapper dimension index 495
dim_0496,integer,,Pmapper dimension index 496
dim_0497,integer,,Pmapper dimension index 497
dim_0498,integer,,Pmapper dimension index 498
dim_0499,integer,,Pmapper dimension index 499
dim_0500,integer,,Pmapper dimension index 500
dim_0501,integer,,Pmapper dimension index 501
dim_0502,integer,,Pmapper dimension index 502
dim_0503,integer,,Pmapper dimension index 503
dim_0504,integer,,Pmapper dimension index 504
dim_0505,integer,,Pmapper dimension index 505
dim_0506,integer,,Pmapper dimension index 506
dim_0507,integer,,Pmapper dimension index 507
dim_0508,integer,,Pmapper dimension index 508
dim_0509,integer,,Pmapper dimension index 509
dim_0510,integer,,Pmapper dimension index 510
dim_0511,integer,,Pmapper dimension index 511
dim_0512,integer,,Pmapper dimension index 512
dim_0513,integer,,Pmapper dimension index 513
dim_0514,integer,,Pmapper dimension index 514
dim_0515,integer,,Pmapper dimension index 515
dim_0516,integer,,Pmapper dimension index 516
dim_0517,integer,,Pmapper dimension index 517
dim_0518,integer,,Pmapper dimension index 518
dim_0519,integer,,Pmapper dimension index 519
dim_0520,integer,,Pmapper dimension index 520
dim_0521,integer,,Pmapper dimension index 521
dim_0522,integer,,Pmapper dimension index 522
dim_0523,integer,,Pmapper dimension index 523
dim_0524,integer,,Pmapper dimension index 524
dim_0525,integer,,Pmapper dimension index 525
dim_0526,integer,,Pmapper dimension index 526
dim_0527,integer,,Pmapper dimension index 527
dim_0528,integer,,Pmapper dimension index 528
dim_0529,integer,,Pmapper dimension index 529
dim_0530,integer,,Pmapper dimension index 530
dim_0531,integer,,Pmapper dimension index 531
dim_0532,integer,,Pmapper dimension index 532
dim_0533,integer,,Pmapper dimension index 533
dim_0534,integer,,Pmapper dimension index 534
dim_0535,integer,,Pmapper dimension index 535
dim_0536,integer,,Pmapper dimension index 536
dim_0537,integer,,Pmapper dimension index 537
dim_0538,integer,,Pmapper dimension index 538
dim_0539,integer,,Pmapper dimension index 539
dim_0540,integer,,Pmapper dimension index 540
dim_0541,integer,,Pmapper dimension index 541
dim_0542,integer,,Pmapper dimension index 542
dim_0543,integer,,Pmapper dimension index 543
dim_0544,integer,,Pmapper dimension index 544
dim_0545,integer,,Pmapper dimension index 545
dim_0546,integer,,Pmapper dimension index 546
dim_0547,integer,,Pmapper dimension index 547
dim_0548,integer,,Pmapper dimension index 548
dim_0549,integer,,Pmapper dimension index 549
dim_0550,integer,,Pmapper dimension index 550
dim_0551,integer,,Pmapper dimension index 551
dim_0552,integer,,Pmapper dimension index 552
dim_0553,integer,,Pmapper dimension index 553
dim_0554,integer,,Pmapper dimension index 554
dim_0555,integer,,Pmapper dimension index 555
dim_0556,integer,,Pmapper dimension index 556
dim_0557,integer,,Pmapper dimension index 557
dim_0558,integer,,Pmapper dimension index 558
dim_0559,integer,,Pmapper dimension index 559
dim_0560,integer,,Pmapper dimension index 560
dim_0561,integer,,Pmapper dimension index 561
dim_0562,integer,,Pmapper dimension index 562
dim_0563,integer,,Pmapper dimension index 563
dim_0564,integer,,Pmapper dimension index 564
dim_0565,integer,,Pmapper dimension index 565
dim_0566,integer,,Pmapper dimension index 566
dim_0567,integer,,Pmapper dimension index 567
dim_0568,integer,,Pmapper dimension index 568
dim_0569,integer,,Pmapper dimension index 569
dim_0570,integer,,Pmapper dimension index 570
dim_0571,integer,,Pmapper dimension index 571
dim_0572,integer,,Pmapper dimension index 572
dim_0573,integer,,Pmapper dimension index 573
dim_0574,integer,,Pmapper dimension index 574
dim_0575,integer,,Pmapper dimension index 575
dim_0576,integer,,Pmapper dimension index 576
dim_0577,integer,,Pmapper dimension index 577
dim_0578,integer,,Pmapper dimension index 578
dim_0579,integer,,Pmapper dimension index 579
dim_0580,integer,,Pmapper dimension index 580
dim_0581,integer,,Pmapper dimension index 581
dim_0582,integer,,Pmapper dimension index 582
dim_0583,integer,,Pmapper dimension index 583
dim_0584,integer,,Pmapper dimension index 584
dim_0585,integer,,Pmapper dimension index 585
dim_0586,integer,,Pmapper dimension index 586
dim_0587,integer,,Pmapper dimension index 587
dim_0588,integer,,Pmapper dimension index 588
dim_0589,integer,,Pmapper dimension index 589
dim_0590,integer,,Pmapper dimension index 590
dim_0591,integer,,Pmapper dimension index 591
dim_0592,integer,,Pmapper dimension index 592
dim_0593,integer,,Pmapper dimension index 593
dim_0594,integer,,Pmapper dimension index 594
dim_0595,integer,,Pmapper dimension index 595
dim_0596,integer,,Pmapper dimension index 596
dim_0597,integer,,Pmapper dimension index 597
dim_0598,integer,,Pmapper dimension index 598
dim_0599,integer,,Pmapper dimension index 599
dim_0600,integer,,Pmapper dimension index 600
dim_0601,integer,,Pmapper dimension index 601
dim_0602,integer,,Pmapper dimension index 602
dim_0603,integer,,Pmapper dimension index 603
dim_0604,integer,,Pmapper dimension index 604
dim_0605,integer,,Pmapper dimension index 605
dim_0606,integer,,Pmapper dimension index 606
dim_0607,integer,,Pmapper dimension index 607
dim_0608,integer,,Pmapper dimension index 608
dim_0609,integer,,Pmapper dimension index 609
dim_0610,integer,,Pmapper dimension index 610
dim_0611,integer,,Pmapper dimension index 611
dim_0612,integer,,Pmapper dimension index 612
dim_0613,integer,,Pmapper dimension index 613
dim_0614,integer,,Pmapper dimension index 614
dim_0615,integer,,Pmapper dimension index 615
dim_0616,integer,,Pmapper dimension index 616
dim_0617,integer,,Pmapper dimension index 617
dim_0618,integer,,Pmapper dimension index 618
dim_0619,integer,,Pmapper dimension index 619
dim_0620,integer,,Pmapper dimension index 620
dim_0621,integer,,Pmapper dimension index 621
dim_0622,integer,,Pmapper dimension index 622
dim_0623,integer,,Pmapper dimension index 623
dim_0624,integer,,Pmapper dimension index 624
dim_0625,integer,,Pmapper dimension index 625
dim_0626,integer,,Pmapper dimension index 626
dim_0627,integer,,Pmapper dimension index 627
dim_0628,integer,,Pmapper dimension index 628
dim_0629,integer,,Pmapper dimension index 629
dim_0630,integer,,Pmapper dimension index 630
dim_0631,integer,,Pmapper dimension index 631
dim_0632,integer,,Pmapper dimension index 632
dim_0633,integer,,Pmapper dimension index 633
dim_0634,integer,,Pmapper dimension index 634
dim_0635,integer,,Pmapper dimension index 635
dim_0636,integer,,Pmapper dimension index 636
dim_0637,integer,,Pmapper dimension index 637
dim_0638,integer,,Pmapper dimension index 638
dim_0639,integer,,Pmapper dimension index 639
dim_0640,integer,,Pmapper dimension index 640
dim_0641,integer,,Pmapper dimension index 641
dim_0642,integer,,Pmapper dimension index 642
dim_0643,integer,,Pmapper dimension index 643
dim_0644,integer,,Pmapper dimension index 644
dim_0645,integer,,Pmapper dimension index 645
dim_0646,integer,,Pmapper dimension index 646
dim_0647,integer,,Pmapper dimension index 647
dim_0648,integer,,Pmapper dimension index 648
dim_0649,integer,,Pmapper dimension index 649
dim_0650,integer,,Pmapper dimension index 650
dim_0651,integer,,Pmapper dimension index 651
dim_0652,integer,,Pmapper dimension index 652
dim_0653,integer,,Pmapper dimension index 653
dim_0654,integer,,Pmapper dimension index 654
dim_0655,integer,,Pmapper dimension index 655
dim_0656,integer,,Pmapper dimension index 656
dim_0657,integer,,Pmapper dimension index 657
dim_0658,integer,,Pmapper dimension index 658
dim_0659,integer,,Pmapper dimension index 659
dim_0660,integer,,Pmapper dimension index 660
dim_0661,integer,,Pmapper dimension index 661
dim_0662,integer,,Pmapper dimension index 662
dim_0663,integer,,Pmapper dimension index 663
dim_0664,integer,,Pmapper dimension index 664
dim_0665,integer,,Pmapper dimension index 665
dim_0666,integer,,Pmapper dimension index 666
dim_0667,integer,,Pmapper dimension index 667
dim_0668,integer,,Pmapper dimension index 668
dim_0669,integer,,Pmapper dimension index 669
dim_0670,integer,,Pmapper dimension index 670
dim_0671,integer,,Pmapper dimension index 671
dim_0672,integer,,Pmapper dimension index 672
dim_0673,integer,,Pmapper dimension index 673
dim_0674,integer,,Pmapper dimension index 674
dim_0675,integer,,Pmapper dimension index 675
dim_0676,integer,,Pmapper dimension index 676
dim_0677,integer,,Pmapper dimension index 677
dim_0678,integer,,Pmapper dimension index 678
dim_0679,integer,,Pmapper dimension index 679
dim_0680,integer,,Pmapper dimension index 680
dim_0681,integer,,Pmapper dimension index 681
dim_0682,integer,,Pmapper dimension index 682
dim_0683,integer,,Pmapper dimension index 683
dim_0684,integer,,Pmapper dimension index 684
dim_0685,integer,,Pmapper dimension index 685
dim_0686,integer,,Pmapper dimension index 686
dim_0687,integer,,Pmapper dimension index 687
dim_0688,integer,,Pmapper dimension index 688
dim_0689,integer,,Pmapper dimension index 689
dim_0690,integer,,Pmapper dimension index 690
dim_0691,integer,,Pmapper dimension index 691
dim_0692,integer,,Pmapper dimension index 692
dim_0693,integer,,Pmapper dimension index 693
dim_0694,integer,,Pmapper dimension index 694
dim_0695,integer,,Pmapper dimension index 695
dim_0696,integer,,Pmapper dimension index 696
dim_0697,integer,,Pmapper dimension index 697
dim_0698,integer,,Pmapper dimension index 698
dim_0699,integer,,Pmapper dimension index 699
dim_0700,integer,,Pmapper dimension index 700
dim_0701,integer,,Pmapper dimension index 701
dim_0702,integer,,Pmapper dimension index 702
dim_0703,integer,,Pmapper dimension index 703
dim_0704,integer,,Pmapper dimension index 704
dim_0705,integer,,Pmapper dimension index 705
dim_0706,integer,,Pmapper dimension index 706
dim_0707,integer,,Pmapper dimension index 707
dim_0708,integer,,Pmapper dimension index 708
dim_0709,integer,,Pmapper dimension index 709
dim_0710,integer,,Pmapper dimension index 710
dim_0711,integer,,Pmapper dimension index 711
dim_0712,integer,,Pmapper dimension index 712
dim_0713,integer,,Pmapper dimension index 713
dim_0714,integer,,Pmapper dimension index 714
dim_0715,integer,,Pmapper dimension index 715
dim_0716,integer,,Pmapper dimension index 716
dim_0717,integer,,Pmapper dimension index 717
dim_0718,integer,,Pmapper dimension index 718
dim_0719,integer,,Pmapper dimension index 719
dim_0720,integer,,Pmapper dimension index 720
dim_0721,integer,,Pmapper dimension index 721
dim_0722,integer,,Pmapper dimension index 722
dim_0723,integer,,Pmapper dimension index 723
dim_0724,integer,,Pmapper dimension index 724
dim_0725,integer,,Pmapper dimension index 725
dim_0726,integer,,Pmapper dimension index 726
dim_0727,integer,,Pmapper dimension index 727
dim_0728,integer,,Pmapper dimension index 728
dim_0729,integer,,Pmapper dimension index 729
dim_0730,integer,,Pmapper dimension index 730
dim_0731,integer,,Pmapper dimension index 731
dim_0732,integer,,Pmapper dimension index 732
dim_0733,integer,,Pmapper dimension index 733
dim_0734,integer,,Pmapper dimension index 734
dim_0735,integer,,Pmapper dimension index 735
dim_0736,integer,,Pmapper dimension index 736
dim_0737,integer,,Pmapper dimension index 737
dim_0738,integer,,Pmapper dimension index 738
dim_0739,integer,,Pmapper dimension index 739
dim_0740,integer,,Pmapper dimension index 740
dim_0741,integer,,Pmapper dimension index 741
dim_0742,integer,,Pmapper dimension index 742
dim_0743,integer,,Pmapper dimension index 743
dim_0744,integer,,Pmapper dimension index 744
dim_0745,integer,,Pmapper dimension index 745
dim_0746,integer,,Pmapper dimension index 746
dim_0747,integer,,Pmapper dimension index 747
dim_0748,integer,,Pmapper dimension index 748
dim_0749,integer,,Pmapper dimension index 749
dim_0750,integer,,Pmapper dimension index 750
dim_0751,integer,,Pmapper dimension index 751
dim_0752,integer,,Pmapper dimension index 752
dim_0753,integer,,Pmapper dimension index 753
dim_0754,integer,,Pmapper dimension index 754
dim_0755,integer,,Pmapper dimension index 755
dim_0756,integer,,Pmapper dimension index 756
dim_0757,integer,,Pmapper dimension index 757
dim_0758,integer,,Pmapper dimension index 758
dim_0759,integer,,Pmapper dimension index 759
dim_0760,integer,,Pmapper dimension index 760
dim_0761,integer,,Pmapper dimension index 761
dim_0762,integer,,Pmapper dimension index 762
dim_0763,integer,,Pmapper dimension index 763
dim_0764,integer,,Pmapper dimension index 764
dim_0765,integer,,Pmapper dimension index 765
dim_0766,integer,,Pmapper dimension index 766
dim_0767,integer,,Pmapper dimension index 767
dim_0768,integer,,Pmapper dimension index 768
dim_0769,integer,,Pmapper dimension index 769
dim_0770,integer,,Pmapper dimension index 770
dim_0771,integer,,Pmapper dimension index 771
dim_0772,integer,,Pmapper dimension index 772
dim_0773,integer,,Pmapper dimension index 773
dim_0774,integer,,Pmapper dimension index 774
dim_0775,integer,,Pmapper dimension index 775
dim_0776,integer,,Pmapper dimension index 776
dim_0777,integer,,Pmapper dimension index 777
dim_0778,integer,,Pmapper dimension index 778
dim_0779,integer,,Pmapper dimension index 779
dim_0780,integer,,Pmapper dimension index 780
dim_0781,integer,,Pmapper dimension index 781
dim_0782,integer,,Pmapper dimension index 782
dim_0783,integer,,Pmapper dimension index 783
dim_0784,integer,,Pmapper dimension index 784
dim_0785,integer,,Pmapper dimension index 785
dim_0786,integer,,Pmapper dimension index 786
dim_0787,integer,,Pmapper dimension index 787
dim_0788,integer,,Pmapper dimension index 788
dim_0789,integer,,Pmapper dimension index 789
dim_0790,integer,,Pmapper dimension index 790
dim_0791,integer,,Pmapper dimension index 791
dim_0792,integer,,Pmapper dimension index 792
dim_0793,integer,,Pmapper dimension index 793
dim_0794,integer,,Pmapper dimension index 794
dim_0795,integer,,Pmapper dimension index 795
dim_0796,integer,,Pmapper dimension index 796
dim_0797,integer,,Pmapper dimension index 797
dim_0798,integer,,Pmapper dimension index 798
dim_0799,integer,,Pmapper dimension index 799
dim_0800,integer,,Pmapper dimension index 800
dim_0801,integer,,Pmapper dimension index 801
dim_0802,integer,,Pmapper dimension index 802
dim_0803,integer,,Pmapper dimension index 803
dim_0804,integer,,Pmapper dimension index 804
dim_0805,integer,,Pmapper dimension index 805
dim_0806,integer,,Pmapper dimension index 806
dim_0807,integer,,Pmapper dimension index 807
dim_0808,integer,,Pmapper dimension index 808
dim_0809,integer,,Pmapper dimension index 809
dim_0810,integer,,Pmapper dimension index 810
dim_0811,integer,,Pmapper dimension index 811
dim_0812,integer,,Pmapper dimension index 812
dim_0813,integer,,Pmapper dimension index 813
dim_0814,integer,,Pmapper dimension index 814
dim_0815,integer,,Pmapper dimension index 815
dim_0816,integer,,Pmapper dimension index 816
dim_0817,integer,,Pmapper dimension index 817
dim_0818,integer,,Pmapper dimension index 818
dim_0819,integer,,Pmapper dimension index 819
dim_0820,integer,,Pmapper dimension index 820
dim_0821,integer,,Pmapper dimension index 821
dim_0822,integer,,Pmapper dimension index 822
dim_0823,integer,,Pmapper dimension index 823
dim_0824,integer,,Pmapper dimension index 824
dim_0825,integer,,Pmapper dimension index 825
dim_0826,integer,,Pmapper dimension index 826
dim_0827,integer,,Pmapper dimension index 827
dim_0828,integer,,Pmapper dimension index 828
dim_0829,integer,,Pmapper dimension index 829
dim_0830,integer,,Pmapper dimension index 830
dim_0831,integer,,Pmapper dimension index 831
dim_0832,integer,,Pmapper dimension index 832
dim_0833,integer,,Pmapper dimension index 833
dim_0834,integer,,Pmapper dimension index 834
dim_0835,integer,,Pmapper dimension index 835
dim_0836,integer,,Pmapper dimension index 836
dim_0837,integer,,Pmapper dimension index 837
dim_0838,integer,,Pmapper dimension index 838
dim_0839,integer,,Pmapper dimension index 839
dim_0840,integer,,Pmapper dimension index 840
dim_0841,integer,,Pmapper dimension index 841
dim_0842,integer,,Pmapper dimension index 842
dim_0843,integer,,Pmapper dimension index 843
dim_0844,integer,,Pmapper dimension index 844
dim_0845,integer,,Pmapper dimension index 845
dim_0846,integer,,Pmapper dimension index 846
dim_0847,integer,,Pmapper dimension index 847
dim_0848,integer,,Pmapper dimension index 848
dim_0849,integer,,Pmapper dimension index 849
dim_0850,integer,,Pmapper dimension index 850
dim_0851,integer,,Pmapper dimension index 851
dim_0852,integer,,Pmapper dimension index 852
dim_0853,integer,,Pmapper dimension index 853
dim_0854,integer,,Pmapper dimension index 854
dim_0855,integer,,Pmapper dimension index 855
dim_0856,integer,,Pmapper dimension index 856
dim_0857,integer,,Pmapper dimension index 857
dim_0858,integer,,Pmapper dimension index 858
dim_0859,integer,,Pmapper dimension index 859
dim_0860,integer,,Pmapper dimension index 860
dim_0861,integer,,Pmapper dimension index 861
dim_0862,integer,,Pmapper dimension index 862
dim_0863,integer,,Pmapper dimension index 863
dim_0864,integer,,Pmapper dimension index 864
dim_0865,integer,,Pmapper dimension index 865
dim_0866,integer,,Pmapper dimension index 866
dim_0867,integer,,Pmapper dimension index 867
dim_0868,integer,,Pmapper dimension index 868
dim_0869,integer,,Pmapper dimension index 869
dim_0870,integer,,Pmapper dimension index 870
dim_0871,integer,,Pmapper dimension index 871
dim_0872,integer,,Pmapper dimension index 872
dim_0873,integer,,Pmapper dimension index 873
dim_0874,integer,,Pmapper dimension index 874
dim_0875,integer,,Pmapper dimension index 875
dim_0876,integer,,Pmapper dimension index 876
dim_0877,integer,,Pmapper dimension index 877
dim_0878,integer,,Pmapper dimension index 878
dim_0879,integer,,Pmapper dimension index 879
dim_0880,integer,,Pmapper dimension index 880
dim_0881,integer,,Pmapper dimension index 881
dim_0882,integer,,Pmapper dimension index 882
dim_0883,integer,,Pmapper dimension index 883
dim_0884,integer,,Pmapper dimension index 884
dim_0885,integer,,Pmapper dimension index 885
dim_0886,integer,,Pmapper dimension index 886
dim_0887,integer,,Pmapper dimension index 887
dim_0888,integer,,Pmapper dimension index 888
dim_0889,integer,,Pmapper dimension index 889
dim_0890,integer,,Pmapper dimension index 890
dim_0891,integer,,Pmapper dimension index 891
dim_0892,integer,,Pmapper dimension index 892
dim_0893,integer,,Pmapper dimension index 893
dim_0894,integer,,Pmapper dimension index 894
dim_0895,integer,,Pmapper dimension index 895
dim_0896,integer,,Pmapper dimension index 896
dim_0897,integer,,Pmapper dimension index 897
dim_0898,integer,,Pmapper dimension index 898
dim_0899,integer,,Pmapper dimension index 899
dim_0900,integer,,Pmapper dimension index 900
dim_0901,integer,,Pmapper dimension index 901
dim_0902,integer,,Pmapper dimension index 902
dim_0903,integer,,Pmapper dimension index 903
dim_0904,integer,,Pmapper dimension index 904
dim_0905,integer,,Pmapper dimension index 905
dim_0906,integer,,Pmapper dimension index 906
dim_0907,integer,,Pmapper dimension index 907
dim_0908,integer,,Pmapper dimension index 908
dim_0909,integer,,Pmapper dimension index 909
dim_0910,integer,,Pmapper dimension index 910
dim_0911,integer,,Pmapper dimension index 911
dim_0912,integer,,Pmapper dimension index 912
dim_0913,integer,,Pmapper dimension index 913
dim_0914,integer,,Pmapper dimension index 914
dim_0915,integer,,Pmapper dimension index 915
dim_0916,integer,,Pmapper dimension index 916
dim_0917,integer,,Pmapper dimension index 917
dim_0918,integer,,Pmapper dimension index 918
dim_0919,integer,,Pmapper dimension index 919
dim_0920,integer,,Pmapper dimension index 920
dim_0921,integer,,Pmapper dimension index 921
dim_0922,integer,,Pmapper dimension index 922
dim_0923,integer,,Pmapper dimension index 923
dim_0924,integer,,Pmapper dimension index 924
dim_0925,integer,,Pmapper dimension index 925
dim_0926,integer,,Pmapper dimension index 926
dim_0927,integer,,Pmapper dimension index 927
dim_0928,integer,,Pmapper dimension index 928
dim_0929,integer,,Pmapper dimension index 929
dim_0930,integer,,Pmapper dimension index 930
dim_0931,integer,,Pmapper dimension index 931
dim_0932,integer,,Pmapper dimension index 932
dim_0933,integer,,Pmapper dimension index 933
dim_0934,integer,,Pmapper dimension index 934
dim_0935,integer,,Pmapper dimension index 935
dim_0936,integer,,Pmapper dimension index 936
dim_0937,integer,,Pmapper dimension index 937
dim_0938,integer,,Pmapper dimension index 938
dim_0939,integer,,Pmapper dimension index 939
dim_0940,integer,,Pmapper dimension index 940
dim_0941,integer,,Pmapper dimension index 941
dim_0942,integer,,Pmapper dimension index 942
dim_0943,integer,,Pmapper dimension index 943
dim_0944,integer,,Pmapper dimension index 944
dim_0945,integer,,Pmapper dimension index 945
dim_0946,integer,,Pmapper dimension index 946
dim_0947,integer,,Pmapper dimension index 947
dim_0948,integer,,Pmapper dimension index 948
dim_0949,integer,,Pmapper dimension index 949
dim_0950,integer,,Pmapper dimension index 950
dim_0951,integer,,Pmapper dimension index 951
dim_0952,integer,,Pmapper dimension index 952
dim_0953,integer,,Pmapper dimension index 953
dim_0954,integer,,Pmapper dimension index 954
dim_0955,integer,,Pmapper dimension index 955
dim_0956,integer,,Pmapper dimension index 956
dim_0957,integer,,Pmapper dimension index 957
dim_0958,integer,,Pmapper dimension index 958
dim_0959,integer,,Pmapper dimension index 959
dim_0960,integer,,Pmapper dimension index 960
dim_0961,integer,,Pmapper dimension index 961
dim_0962,integer,,Pmapper dimension index 962
dim_0963,integer,,Pmapper dimension index 963
dim_0964,integer,,Pmapper dimension index 964
dim_0965,integer,,Pmapper dimension index 965
dim_0966,integer,,Pmapper dimension index 966
dim_0967,integer,,Pmapper dimension index 967
dim_0968,integer,,Pmapper dimension index 968
dim_0969,integer,,Pmapper dimension index 969
dim_0970,integer,,Pmapper dimension index 970
dim_0971,integer,,Pmapper dimension index 971
dim_0972,integer,,Pmapper dimension index 972
dim_0973,integer,,Pmapper dimension index 973
dim_0974,integer,,Pmapper dimension index 974
dim_0975,integer,,Pmapper dimension index 975
dim_0976,integer,,Pmapper dimension index 976
dim_0977,integer,,Pmapper dimension index 977
dim_0978,integer,,Pmapper dimension index 978
dim_0979,integer,,Pmapper dimension index 979
dim_0980,integer,,Pmapper dimension index 980
dim_0981,integer,,Pmapper dimension index 981
dim_0982,integer,,Pmapper dimension index 982
dim_0983,integer,,Pmapper dimension index 983
dim_0984,integer,,Pmapper dimension index 984
dim_0985,integer,,Pmapper dimension index 985
dim_0986,integer,,Pmapper dimension index 986
dim_0987,integer,,Pmapper dimension index 987
dim_0988,integer,,Pmapper dimension index 988
dim_0989,integer,,Pmapper dimension index 989
dim_0990,integer,,Pmapper dimension index 990
dim_0991,integer,,Pmapper dimension index 991
dim_0992,integer,,Pmapper dimension index 992
dim_0993,integer,,Pmapper dimension index 993
dim_0994,integer,,Pmapper dimension index 994
dim_0995,integer,,Pmapper dimension index 995
dim_0996,integer,,Pmapper dimension index 996
dim_0997,integer,,Pmapper dimension index 997
dim_0998,integer,,Pmapper dimension index 998
dim_0999,integer,,Pmapper dimension index 999
dim_1000,integer,,Pmapper dimension index 1000
dim_1001,integer,,Pmapper dimension index 1001
dim_1002,integer,,Pmapper dimension index 1002
dim_1003,integer,,Pmapper dimension index 1003
dim_1004,integer,,Pmapper dimension index 1004
dim_1005,integer,,Pmapper dimension index 1005
dim_1006,integer,,Pmapper dimension index 1006
dim_1007,integer,,Pmapper dimension index 1007
dim_1008,integer,,Pmapper dimension index 1008
dim_1009,integer,,Pmapper dimension index 1009
dim_1010,integer,,Pmapper dimension index 1010
dim_1011,integer,,Pmapper dimension index 1011
dim_1012,integer,,Pmapper dimension index 1012
dim_1013,integer,,Pmapper dimension index 1013
dim_1014,integer,,Pmapper dimension index 1014
dim_1015,integer,,Pmapper dimension index 1015
dim_1016,integer,,Pmapper dimension index 1016
dim_1017,integer,,Pmapper dimension index 1017
dim_1018,integer,,Pmapper dimension index 1018
dim_1019,integer,,Pmapper dimension index 1019
dim_1020,integer,,Pmapper dimension index 1020
dim_1021,integer,,Pmapper dimension index 1021
dim_1022,integer,,Pmapper dimension index 1022
dim_1023,integer,,Pmapper dimension index 1023
dim_1024,integer,,Pmapper dimension index 1024
dim_1025,integer,,Pmapper dimension index 1025
dim_1026,integer,,Pmapper dimension index 1026
dim_1027,integer,,Pmapper dimension index 1027
dim_1028,integer,,Pmapper dimension index 1028
dim_1029,integer,,Pmapper dimension index 1029
dim_1030,integer,,Pmapper dimension index 1030
dim_1031,integer,,Pmapper dimension index 1031
dim_1032,integer,,Pmapper dimension index 1032
dim_1033,integer,,Pmapper dimension index 1033
dim_1034,integer,,Pmapper dimension index 1034
dim_1035,integer,,Pmapper dimension index 1035
dim_1036,integer,,Pmapper dimension index 1036
dim_1037,integer,,Pmapper dimension index 1037
dim_1038,integer,,Pmapper dimension index 1038
dim_1039,integer,,Pmapper dimension index 1039
dim_1040,integer,,Pmapper dimension index 1040
dim_1041,integer,,Pmapper dimension index 1041
dim_1042,integer,,Pmapper dimension index 1042
dim_1043,integer,,Pmapper dimension index 1043
dim_1044,integer,,Pmapper dimension index 1044
dim_1045,integer,,Pmapper dimension index 1045
dim_1046,integer,,Pmapper dimension index 1046
dim_1047,integer,,Pmapper dimension index 1047
dim_1048,integer,,Pmapper dimension index 1048
dim_1049,integer,,Pmapper dimension index 1049
dim_1050,integer,,Pmapper dimension index 1050
dim_1051,integer,,Pmapper dimension index 1051
dim_1052,integer,,Pmapper dimension index 1052
dim_1053,integer,,Pmapper dimension index 1053
dim_1054,integer,,Pmapper dimension index 1054
dim_1055,integer,,Pmapper dimension index 1055
dim_1056,integer,,Pmapper dimension index 1056
dim_1057,integer,,Pmapper dimension index 1057
dim_1058,integer,,Pmapper dimension index 1058
dim_1059,integer,,Pmapper dimension index 1059
dim_1060,integer,,Pmapper dimension index 1060
dim_1061,integer,,Pmapper dimension index 1061
dim_1062,integer,,Pmapper dimension index 1062
dim_1063,integer,,Pmapper dimension index 1063
dim_1064,integer,,Pmapper dimension index 1064
dim_1065,integer,,Pmapper dimension index 1065
dim_1066,integer,,Pmapper dimension index 1066
dim_1067,integer,,Pmapper dimension index 1067
dim_1068,integer,,Pmapper dimension index 1068
dim_1069,integer,,Pmapper dimension index 1069
dim_1070,integer,,Pmapper dimension index 1070
dim_1071,integer,,Pmapper dimension index 1071
dim_1072,integer,,Pmapper dimension index 1072
dim_1073,integer,,Pmapper dimension index 1073
dim_1074,integer,,Pmapper dimension index 1074
dim_1075,integer,,Pmapper dimension index 1075
dim_1076,integer,,Pmapper dimension index 1076
dim_1077,integer,,Pmapper dimension index 1077
dim_1078,integer,,Pmapper dimension index 1078
dim_1079,integer,,Pmapper dimension index 1079
dim_1080,integer,,Pmapper dimension index 1080
dim_1081,integer,,Pmapper dimension index 1081
dim_1082,integer,,Pmapper dimension index 1082
dim_1083,integer,,Pmapper dimension index 1083
dim_1084,integer,,Pmapper dimension index 1084
dim_1085,integer,,Pmapper dimension index 1085
dim_1086,integer,,Pmapper dimension index 1086
dim_1087,integer,,Pmapper dimension index 1087
dim_1088,integer,,Pmapper dimension index 1088
dim_1089,integer,,Pmapper dimension index 1089
dim_1090,integer,,Pmapper dimension index 1090
dim_1091,integer,,Pmapper dimension index 1091
dim_1092,integer,,Pmapper dimension index 1092
dim_1093,integer,,Pmapper dimension index 1093
dim_1094,integer,,Pmapper dimension index 1094
dim_1095,integer,,Pmapper dimension index 1095
dim_1096,integer,,Pmapper dimension index 1096
dim_1097,integer,,Pmapper dimension index 1097
dim_1098,integer,,Pmapper dimension index 1098
dim_1099,integer,,Pmapper dimension index 1099
dim_1100,integer,,Pmapper dimension index 1100
dim_1101,integer,,Pmapper dimension index 1101
dim_1102,integer,,Pmapper dimension index 1102
dim_1103,integer,,Pmapper dimension index 1103
dim_1104,integer,,Pmapper dimension index 1104
dim_1105,integer,,Pmapper dimension index 1105
dim_1106,integer,,Pmapper dimension index 1106
dim_1107,integer,,Pmapper dimension index 1107
dim_1108,integer,,Pmapper dimension index 1108
dim_1109,integer,,Pmapper dimension index 1109
dim_1110,integer,,Pmapper dimension index 1110
dim_1111,integer,,Pmapper dimension index 1111
dim_1112,integer,,Pmapper dimension index 1112
dim_1113,integer,,Pmapper dimension index 1113
dim_1114,integer,,Pmapper dimension index 1114
dim_1115,integer,,Pmapper dimension index 1115
dim_1116,integer,,Pmapper dimension index 1116
dim_1117,integer,,Pmapper dimension index 1117
dim_1118,integer,,Pmapper dimension index 1118
dim_1119,integer,,Pmapper dimension index 1119
dim_1120,integer,,Pmapper dimension index 1120
dim_1121,integer,,Pmapper dimension index 1121
dim_1122,integer,,Pmapper dimension index 1122
dim_1123,integer,,Pmapper dimension index 1123
dim_1124,integer,,Pmapper dimension index 1124
dim_1125,integer,,Pmapper dimension index 1125
dim_1126,integer,,Pmapper dimension index 1126
dim_1127,integer,,Pmapper dimension index 1127
dim_1128,integer,,Pmapper dimension index 1128
dim_1129,integer,,Pmapper dimension index 1129
dim_1130,integer,,Pmapper dimension index 1130
dim_1131,integer,,Pmapper dimension index 1131
dim_1132,integer,,Pmapper dimension index 1132
dim_1133,integer,,Pmapper dimension index 1133
dim_1134,integer,,Pmapper dimension index 1134
dim_1135,integer,,Pmapper dimension index 1135
dim_1136,integer,,Pmapper dimension index 1136
dim_1137,integer,,Pmapper dimension index 1137
dim_1138,integer,,Pmapper dimension index 1138
dim_1139,integer,,Pmapper dimension index 1139
dim_1140,integer,,Pmapper dimension index 1140
dim_1141,integer,,Pmapper dimension index 1141
dim_1142,integer,,Pmapper dimension index 1142
dim_1143,integer,,Pmapper dimension index 1143
dim_1144,integer,,Pmapper dimension index 1144
dim_1145,integer,,Pmapper dimension index 1145
dim_1146,integer,,Pmapper dimension index 1146
dim_1147,integer,,Pmapper dimension index 1147
dim_1148,integer,,Pmapper dimension index 1148
dim_1149,integer,,Pmapper dimension index 1149
dim_1150,integer,,Pmapper dimension index 1150
dim_1151,integer,,Pmapper dimension index 1151
dim_1152,integer,,Pmapper dimension index 1152
dim_1153,integer,,Pmapper dimension index 1153
dim_1154,integer,,Pmapper dimension index 1154
dim_1155,integer,,Pmapper dimension index 1155
dim_1156,integer,,Pmapper dimension index 1156
dim_1157,integer,,Pmapper dimension index 1157
dim_1158,integer,,Pmapper dimension index 1158
dim_1159,integer,,Pmapper dimension index 1159
dim_1160,integer,,Pmapper dimension index 1160
dim_1161,integer,,Pmapper dimension index 1161
dim_1162,integer,,Pmapper dimension index 1162
dim_1163,integer,,Pmapper dimension index 1163
dim_1164,integer,,Pmapper dimension index 1164
dim_1165,integer,,Pmapper dimension index 1165
dim_1166,integer,,Pmapper dimension index 1166
dim_1167,integer,,Pmapper dimension index 1167
dim_1168,integer,,Pmapper dimension index 1168
dim_1169,integer,,Pmapper dimension index 1169
dim_1170,integer,,Pmapper dimension index 1170
dim_1171,integer,,Pmapper dimension index 1171
dim_1172,integer,,Pmapper dimension index 1172
dim_1173,integer,,Pmapper dimension index 1173
dim_1174,integer,,Pmapper dimension index 1174
dim_1175,integer,,Pmapper dimension index 1175
dim_1176,integer,,Pmapper dimension index 1176
dim_1177,integer,,Pmapper dimension index 1177
dim_1178,integer,,Pmapper dimension index 1178
dim_1179,integer,,Pmapper dimension index 1179
dim_1180,integer,,Pmapper dimension index 1180
dim_1181,integer,,Pmapper dimension index 1181
dim_1182,integer,,Pmapper dimension index 1182
dim_1183,integer,,Pmapper dimension index 1183
dim_1184,integer,,Pmapper dimension index 1184
dim_1185,integer,,Pmapper dimension index 1185
dim_1186,integer,,Pmapper dimension index 1186
dim_1187,integer,,Pmapper dimension index 1187
dim_1188,integer,,Pmapper dimension index 1188
dim_1189,integer,,Pmapper dimension index 1189
dim_1190,integer,,Pmapper dimension index 1190
dim_1191,integer,,Pmapper dimension index 1191
dim_1192,integer,,Pmapper dimension index 1192
dim_1193,integer,,Pmapper dimension index 1193
dim_1194,integer,,Pmapper dimension index 1194
dim_1195,integer,,Pmapper dimension index 1195
dim_1196,integer,,Pmapper dimension index 1196
dim_1197,integer,,Pmapper dimension index 1197
dim_1198,integer,,Pmapper dimension index 1198
dim_1199,integer,,Pmapper dimension index 1199
dim_1200,integer,,Pmapper dimension index 1200
dim_1201,integer,,Pmapper dimension index 1201
dim_1202,integer,,Pmapper dimension index 1202
dim_1203,integer,,Pmapper dimension index 1203
dim_1204,integer,,Pmapper dimension index 1204
dim_1205,integer,,Pmapper dimension index 1205
dim_1206,integer,,Pmapper dimension index 1206
dim_1207,integer,,Pmapper dimension index 1207
dim_1208,integer,,Pmapper dimension index 1208
dim_1209,integer,,Pmapper dimension index 1209
dim_1210,integer,,Pmapper dimension index 1210
dim_1211,integer,,Pmapper dimension index 1211
dim_1212,integer,,Pmapper dimension index 1212
dim_1213,integer,,Pmapper dimension index 1213
dim_1214,integer,,Pmapper dimension index 1214
dim_1215,integer,,Pmapper dimension index 1215
dim_1216,integer,,Pmapper dimension index 1216
dim_1217,integer,,Pmapper dimension index 1217
dim_1218,integer,,Pmapper dimension index 1218
dim_1219,integer,,Pmapper dimension index 1219
dim_1220,integer,,Pmapper dimension index 1220
dim_1221,integer,,Pmapper dimension index 1221
dim_1222,integer,,Pmapper dimension index 1222
dim_1223,integer,,Pmapper dimension index 1223
dim_1224,integer,,Pmapper dimension index 1224
dim_1225,integer,,Pmapper dimension index 1225
dim_1226,integer,,Pmapper dimension index 1226
dim_1227,integer,,Pmapper dimension index 1227
dim_1228,integer,,Pmapper dimension index 1228
dim_1229,integer,,Pmapper dimension index 1229
dim_1230,integer,,Pmapper dimension index 1230
dim_1231,integer,,Pmapper dimension index 1231
dim_1232,integer,,Pmapper dimension index 1232
dim_1233,integer,,Pmapper dimension index 1233
dim_1234,integer,,Pmapper dimension index 1234
dim_1235,integer,,Pmapper dimension index 1235
dim_1236,integer,,Pmapper dimension index 1236
dim_1237,integer,,Pmapper dimension index 1237
dim_1238,integer,,Pmapper dimension index 1238
dim_1239,integer,,Pmapper dimension index 1239
dim_1240,integer,,Pmapper dimension index 1240
dim_1241,integer,,Pmapper dimension index 1241
dim_1242,integer,,Pmapper dimension index 1242
dim_1243,integer,,Pmapper dimension index 1243
dim_1244,integer,,Pmapper dimension index 1244
dim_1245,integer,,Pmapper dimension index 1245
dim_1246,integer,,Pmapper dimension index 1246
dim_1247,integer,,Pmapper dimension index 1247
dim_1248,integer,,Pmapper dimension index 1248
dim_1249,integer,,Pmapper dimension index 1249
dim_1250,integer,,Pmapper dimension index 1250
dim_1251,integer,,Pmapper dimension index 1251
dim_1252,integer,,Pmapper dimension index 1252
dim_1253,integer,,Pmapper dimension index 1253
dim_1254,integer,,Pmapper dimension index 1254
dim_1255,integer,,Pmapper dimension index 1255
dim_1256,integer,,Pmapper dimension index 1256
dim_1257,integer,,Pmapper dimension index 1257
dim_1258,integer,,Pmapper dimension index 1258
dim_1259,integer,,Pmapper dimension index 1259
dim_1260,integer,,Pmapper dimension index 1260
dim_1261,integer,,Pmapper dimension index 1261
dim_1262,integer,,Pmapper dimension index 1262
dim_1263,integer,,Pmapper dimension index 1263
dim_1264,integer,,Pmapper dimension index 1264
dim_1265,integer,,Pmapper dimension index 1265
dim_1266,integer,,Pmapper dimension index 1266
dim_1267,integer,,Pmapper dimension index 1267
dim_1268,integer,,Pmapper dimension index 1268
dim_1269,integer,,Pmapper dimension index 1269
dim_1270,integer,,Pmapper dimension index 1270
dim_1271,integer,,Pmapper dimension index 1271
dim_1272,integer,,Pmapper dimension index 1272
dim_1273,integer,,Pmapper dimension index 1273
dim_1274,integer,,Pmapper dimension index 1274
dim_1275,integer,,Pmapper dimension index 1275
dim_1276,integer,,Pmapper dimension index 1276
dim_1277,integer,,Pmapper dimension index 1277
dim_1278,integer,,Pmapper dimension index 1278
dim_1279,integer,,Pmapper dimension index 1279
dim_1280,integer,,Pmapper dimension index 1280
dim_1281,integer,,Pmapper dimension index 1281
dim_1282,integer,,Pmapper dimension index 1282
dim_1283,integer,,Pmapper dimension index 1283
dim_1284,integer,,Pmapper dimension index 1284
dim_1285,integer,,Pmapper dimension index 1285
dim_1286,integer,,Pmapper dimension index 1286
dim_1287,integer,,Pmapper dimension index 1287
dim_1288,integer,,Pmapper dimension index 1288
dim_1289,integer,,Pmapper dimension index 1289
dim_1290,integer,,Pmapper dimension index 1290
dim_1291,integer,,Pmapper dimension index 1291
dim_1292,integer,,Pmapper dimension index 1292
dim_1293,integer,,Pmapper dimension index 1293
dim_1294,integer,,Pmapper dimension index 1294
dim_1295,integer,,Pmapper dimension index 1295
dim_1296,integer,,Pmapper dimension index 1296
dim_1297,integer,,Pmapper dimension index 1297
dim_1298,integer,,Pmapper dimension index 1298
dim_1299,integer,,Pmapper dimension index 1299
dim_1300,integer,,Pmapper dimension index 1300
dim_1301,integer,,Pmapper dimension index 1301
dim_1302,integer,,Pmapper dimension index 1302
dim_1303,integer,,Pmapper dimension index 1303
dim_1304,integer,,Pmapper dimension index 1304
dim_1305,integer,,Pmapper dimension index 1305
dim_1306,integer,,Pmapper dimension index 1306
dim_1307,integer,,Pmapper dimension index 1307
dim_1308,integer,,Pmapper dimension index 1308
dim_1309,integer,,Pmapper dimension index 1309
dim_1310,integer,,Pmapper dimension index 1310
dim_1311,integer,,Pmapper dimension index 1311
dim_1312,integer,,Pmapper dimension index 1312
dim_1313,integer,,Pmapper dimension index 1313
dim_1314,integer,,Pmapper dimension index 1314
dim_1315,integer,,Pmapper dimension index 1315
dim_1316,integer,,Pmapper dimension index 1316
dim_1317,integer,,Pmapper dimension index 1317
dim_1318,integer,,Pmapper dimension index 1318
dim_1319,integer,,Pmapper dimension index 1319
dim_1320,integer,,Pmapper dimension index 1320
dim_1321,integer,,Pmapper dimension index 1321
dim_1322,integer,,Pmapper dimension index 1322
dim_1323,integer,,Pmapper dimension index 1323
dim_1324,integer,,Pmapper dimension index 1324
dim_1325,integer,,Pmapper dimension index 1325
dim_1326,integer,,Pmapper dimension index 1326
dim_1327,integer,,Pmapper dimension index 1327
dim_1328,integer,,Pmapper dimension index 1328
dim_1329,integer,,Pmapper dimension index 1329
dim_1330,integer,,Pmapper dimension index 1330
dim_1331,integer,,Pmapper dimension index 1331
dim_1332,integer,,Pmapper dimension index 1332
dim_1333,integer,,Pmapper dimension index 1333
dim_1334,integer,,Pmapper dimension index 1334
dim_1335,integer,,Pmapper dimension index 1335
dim_1336,integer,,Pmapper dimension index 1336
dim_1337,integer,,Pmapper dimension index 1337
dim_1338,integer,,Pmapper dimension index 1338
dim_1339,integer,,Pmapper dimension index 1339
dim_1340,integer,,Pmapper dimension index 1340
dim_1341,integer,,Pmapper dimension index 1341
dim_1342,integer,,Pmapper dimension index 1342
dim_1343,integer,,Pmapper dimension index 1343
dim_1344,integer,,Pmapper dimension index 1344
dim_1345,integer,,Pmapper dimension index 1345
dim_1346,integer,,Pmapper dimension index 1346
dim_1347,integer,,Pmapper dimension index 1347
dim_1348,integer,,Pmapper dimension index 1348
dim_1349,integer,,Pmapper dimension index 1349
dim_1350,integer,,Pmapper dimension index 1350
dim_1351,integer,,Pmapper dimension index 1351
dim_1352,integer,,Pmapper dimension index 1352
dim_1353,integer,,Pmapper dimension index 1353
dim_1354,integer,,Pmapper dimension index 1354
dim_1355,integer,,Pmapper dimension index 1355
dim_1356,integer,,Pmapper dimension index 1356
dim_1357,integer,,Pmapper dimension index 1357
dim_1358,integer,,Pmapper dimension index 1358
dim_1359,integer,,Pmapper dimension index 1359
dim_1360,integer,,Pmapper dimension index 1360
dim_1361,integer,,Pmapper dimension index 1361
dim_1362,integer,,Pmapper dimension index 1362
dim_1363,integer,,Pmapper dimension index 1363
dim_1364,integer,,Pmapper dimension index 1364
dim_1365,integer,,Pmapper dimension index 1365
dim_1366,integer,,Pmapper dimension index 1366
dim_1367,integer,,Pmapper dimension index 1367
dim_1368,integer,,Pmapper dimension index 1368
dim_1369,integer,,Pmapper dimension index 1369
dim_1370,integer,,Pmapper dimension index 1370
dim_1371,integer,,Pmapper dimension index 1371
dim_1372,integer,,Pmapper dimension index 1372
dim_1373,integer,,Pmapper dimension index 1373
dim_1374,integer,,Pmapper dimension index 1374
dim_1375,integer,,Pmapper dimension index 1375
dim_1376,integer,,Pmapper dimension index 1376
dim_1377,integer,,Pmapper dimension index 1377
dim_1378,integer,,Pmapper dimension index 1378
dim_1379,integer,,Pmapper dimension index 1379
dim_1380,integer,,Pmapper dimension index 1380
dim_1381,integer,,Pmapper dimension index 1381
dim_1382,integer,,Pmapper dimension index 1382
dim_1383,integer,,Pmapper dimension index 1383
dim_1384,integer,,Pmapper dimension index 1384
dim_1385,integer,,Pmapper dimension index 1385
dim_1386,integer,,Pmapper dimension index 1386
dim_1387,integer,,Pmapper dimension index 1387
dim_1388,integer,,Pmapper dimension index 1388
dim_1389,integer,,Pmapper dimension index 1389
dim_1390,integer,,Pmapper dimension index 1390
dim_1391,integer,,Pmapper dimension index 1391
dim_1392,integer,,Pmapper dimension index 1392
dim_1393,integer,,Pmapper dimension index 1393
dim_1394,integer,,Pmapper dimension index 1394
dim_1395,integer,,Pmapper dimension index 1395
dim_1396,integer,,Pmapper dimension index 1396
dim_1397,integer,,Pmapper dimension index 1397
dim_1398,integer,,Pmapper dimension index 1398
dim_1399,integer,,Pmapper dimension index 1399
dim_1400,integer,,Pmapper dimension index 1400
dim_1401,integer,,Pmapper dimension index 1401
dim_1402,integer,,Pmapper dimension index 1402
dim_1403,integer,,Pmapper dimension index 1403
dim_1404,integer,,Pmapper dimension index 1404
dim_1405,integer,,Pmapper dimension index 1405
dim_1406,integer,,Pmapper dimension index 1406
dim_1407,integer,,Pmapper dimension index 1407
dim_1408,integer,,Pmapper dimension index 1408
dim_1409,integer,,Pmapper dimension index 1409
dim_1410,integer,,Pmapper dimension index 1410
dim_1411,integer,,Pmapper dimension index 1411
dim_1412,integer,,Pmapper dimension index 1412
dim_1413,integer,,Pmapper dimension index 1413
dim_1414,integer,,Pmapper dimension index 1414
dim_1415,integer,,Pmapper dimension index 1415
dim_1416,integer,,Pmapper dimension index 1416
dim_1417,integer,,Pmapper dimension index 1417
dim_1418,integer,,Pmapper dimension index 1418
dim_1419,integer,,Pmapper dimension index 1419
dim_1420,integer,,Pmapper dimension index 1420
dim_1421,integer,,Pmapper dimension index 1421
dim_1422,integer,,Pmapper dimension index 1422
dim_1423,integer,,Pmapper dimension index 1423
dim_1424,integer,,Pmapper dimension index 1424
dim_1425,integer,,Pmapper dimension index 1425
dim_1426,integer,,Pmapper dimension index 1426
dim_1427,integer,,Pmapper dimension index 1427
dim_1428,integer,,Pmapper dimension index 1428
dim_1429,integer,,Pmapper dimension index 1429
dim_1430,integer,,Pmapper dimension index 1430
dim_1431,integer,,Pmapper dimension index 1431
dim_1432,integer,,Pmapper dimension index 1432
dim_1433,integer,,Pmapper dimension index 1433
dim_1434,integer,,Pmapper dimension index 1434
dim_1435,integer,,Pmapper dimension index 1435
dim_1436,integer,,Pmapper dimension index 1436
dim_1437,integer,,Pmapper dimension index 1437
dim_1438,integer,,Pmapper dimension index 1438
dim_1439,integer,,Pmapper dimension index 1439
dim_1440,integer,,Pmapper dimension index 1440
dim_1441,integer,,Pmapper dimension index 1441
dim_1442,integer,,Pmapper dimension index 1442
dim_1443,integer,,Pmapper dimension index 1443
dim_1444,integer,,Pmapper dimension index 1444
dim_1445,integer,,Pmapper dimension index 1445
dim_1446,integer,,Pmapper dimension index 1446
dim_1447,integer,,Pmapper dimension index 1447
dim_1448,integer,,Pmapper dimension index 1448
dim_1449,integer,,Pmapper dimension index 1449
dim_1450,integer,,Pmapper dimension index 1450
dim_1451,integer,,Pmapper dimension index 1451
dim_1452,integer,,Pmapper dimension index 1452
dim_1453,integer,,Pmapper dimension index 1453
dim_1454,integer,,Pmapper dimension index 1454
dim_1455,integer,,Pmapper dimension index 1455
dim_1456,integer,,Pmapper dimension index 1456
dim_1457,integer,,Pmapper dimension index 1457
dim_1458,integer,,Pmapper dimension index 1458
dim_1459,integer,,Pmapper dimension index 1459
dim_1460,integer,,Pmapper dimension index 1460
dim_1461,integer,,Pmapper dimension index 1461
dim_1462,integer,,Pmapper dimension index 1462
dim_1463,integer,,Pmapper dimension index 1463
dim_1464,integer,,Pmapper dimension index 1464
dim_1465,integer,,Pmapper dimension index 1465
dim_1466,integer,,Pmapper dimension index 1466
dim_1467,integer,,Pmapper dimension index 1467
dim_1468,integer,,Pmapper dimension index 1468
dim_1469,integer,,Pmapper dimension index 1469
dim_1470,integer,,Pmapper dimension index 1470
dim_1471,integer,,Pmapper dimension index 1471
dim_1472,integer,,Pmapper dimension index 1472
dim_1473,integer,,Pmapper dimension index 1473
dim_1474,integer,,Pmapper dimension index 1474
dim_1475,integer,,Pmapper dimension index 1475
dim_1476,integer,,Pmapper dimension index 1476
dim_1477,integer,,Pmapper dimension index 1477
dim_1478,integer,,Pmapper dimension index 1478
dim_1479,integer,,Pmapper dimension index 1479
dim_1480,integer,,Pmapper dimension index 1480
dim_1481,integer,,Pmapper dimension index 1481
dim_1482,integer,,Pmapper dimension index 1482
dim_1483,integer,,Pmapper dimension index 1483
dim_1484,integer,,Pmapper dimension index 1484
dim_1485,integer,,Pmapper dimension index 1485
dim_1486,integer,,Pmapper dimension index 1486
dim_1487,integer,,Pmapper dimension index 1487
dim_1488,integer,,Pmapper dimension index 1488
dim_1489,integer,,Pmapper dimension index 1489
dim_1490,integer,,Pmapper dimension index 1490
dim_1491,integer,,Pmapper dimension index 1491
dim_1492,integer,,Pmapper dimension index 1492
dim_1493,integer,,Pmapper dimension index 1493
dim_1494,integer,,Pmapper dimension index 1494
dim_1495,integer,,Pmapper dimension index 1495
dim_1496,integer,,Pmapper dimension index 1496
dim_1497,integer,,Pmapper dimension index 1497
dim_1498,integer,,Pmapper dimension index 1498
dim_1499,integer,,Pmapper dimension index 1499
dim_1500,integer,,Pmapper dimension index 1500
dim_1501,integer,,Pmapper dimension index 1501
dim_1502,integer,,Pmapper dimension index 1502
dim_1503,integer,,Pmapper dimension index 1503
dim_1504,integer,,Pmapper dimension index 1504
dim_1505,integer,,Pmapper dimension index 1505
dim_1506,integer,,Pmapper dimension index 1506
dim_1507,integer,,Pmapper dimension index 1507
dim_1508,integer,,Pmapper dimension index 1508
dim_1509,integer,,Pmapper dimension index 1509
dim_1510,integer,,Pmapper dimension index 1510
dim_1511,integer,,Pmapper dimension index 1511
dim_1512,integer,,Pmapper dimension index 1512
dim_1513,integer,,Pmapper dimension index 1513
dim_1514,integer,,Pmapper dimension index 1514
dim_1515,integer,,Pmapper dimension index 1515
dim_1516,integer,,Pmapper dimension index 1516
dim_1517,integer,,Pmapper dimension index 1517
dim_1518,integer,,Pmapper dimension index 1518
dim_1519,integer,,Pmapper dimension index 1519
dim_1520,integer,,Pmapper dimension index 1520
dim_1521,integer,,Pmapper dimension index 1521
dim_1522,integer,,Pmapper dimension index 1522
dim_1523,integer,,Pmapper dimension index 1523
dim_1524,integer,,Pmapper dimension index 1524
dim_1525,integer,,Pmapper dimension index 1525
dim_1526,integer,,Pmapper dimension index 1526
dim_1527,integer,,Pmapper dimension index 1527
dim_1528,integer,,Pmapper dimension index 1528
dim_1529,integer,,Pmapper dimension index 1529
dim_1530,integer,,Pmapper dimension index 1530
dim_1531,integer,,Pmapper dimension index 1531
dim_1532,integer,,Pmapper dimension index 1532
dim_1533,integer,,Pmapper dimension index 1533
dim_1534,integer,,Pmapper dimension index 1534
dim_1535,integer,,Pmapper dimension index 1535
dim_1536,integer,,Pmapper dimension index 1536
dim_1537,integer,,Pmapper dimension index 1537
dim_1538,integer,,Pmapper dimension index 1538
dim_1539,integer,,Pmapper dimension index 1539
dim_1540,integer,,Pmapper dimension index 1540
dim_1541,integer,,Pmapper dimension index 1541
dim_1542,integer,,Pmapper dimension index 1542
dim_1543,integer,,Pmapper dimension index 1543
dim_1544,integer,,Pmapper dimension index 1544
dim_1545,integer,,Pmapper dimension index 1545
dim_1546,integer,,Pmapper dimension index 1546
dim_1547,integer,,Pmapper dimension index 1547
dim_1548,integer,,Pmapper dimension index 1548
dim_1549,integer,,Pmapper dimension index 1549
dim_1550,integer,,Pmapper dimension index 1550
dim_1551,integer,,Pmapper dimension index 1551
dim_1552,integer,,Pmapper dimension index 1552
dim_1553,integer,,Pmapper dimension index 1553
dim_1554,integer,,Pmapper dimension index 1554
dim_1555,integer,,Pmapper dimension index 1555
dim_1556,integer,,Pmapper dimension index 1556
dim_1557,integer,,Pmapper dimension index 1557
dim_1558,integer,,Pmapper dimension index 1558
dim_1559,integer,,Pmapper dimension index 1559
dim_1560,integer,,Pmapper dimension index 1560
dim_1561,integer,,Pmapper dimension index 1561
dim_1562,integer,,Pmapper dimension index 1562
dim_1563,integer,,Pmapper dimension index 1563
dim_1564,integer,,Pmapper dimension index 1564
dim_1565,integer,,Pmapper dimension index 1565
dim_1566,integer,,Pmapper dimension index 1566
dim_1567,integer,,Pmapper dimension index 1567
dim_1568,integer,,Pmapper dimension index 1568
dim_1569,integer,,Pmapper dimension index 1569
dim_1570,integer,,Pmapper dimension index 1570
dim_1571,integer,,Pmapper dimension index 1571
dim_1572,integer,,Pmapper dimension index 1572
dim_1573,integer,,Pmapper dimension index 1573
dim_1574,integer,,Pmapper dimension index 1574
dim_1575,integer,,Pmapper dimension index 1575
dim_1576,integer,,Pmapper dimension index 1576
dim_1577,integer,,Pmapper dimension index 1577
dim_1578,integer,,Pmapper dimension index 1578
dim_1579,integer,,Pmapper dimension index 1579
dim_1580,integer,,Pmapper dimension index 1580
dim_1581,integer,,Pmapper dimension index 1581
dim_1582,integer,,Pmapper dimension index 1582
dim_1583,integer,,Pmapper dimension index 1583
dim_1584,integer,,Pmapper dimension index 1584
dim_1585,integer,,Pmapper dimension index 1585
dim_1586,integer,,Pmapper dimension index 1586
dim_1587,integer,,Pmapper dimension index 1587
dim_1588,integer,,Pmapper dimension index 1588
dim_1589,integer,,Pmapper dimension index 1589
dim_1590,integer,,Pmapper dimension index 1590
dim_1591,integer,,Pmapper dimension index 1591
dim_1592,integer,,Pmapper dimension index 1592
dim_1593,integer,,Pmapper dimension index 1593
dim_1594,integer,,Pmapper dimension index 1594
dim_1595,integer,,Pmapper dimension index 1595
dim_1596,integer,,Pmapper dimension index 1596
dim_1597,integer,,Pmapper dimension index 1597
dim_1598,integer,,Pmapper dimension index 1598
dim_1599,integer,,Pmapper dimension index 1599
dim_1600,integer,,Pmapper dimension index 1600
dim_1601,integer,,Pmapper dimension index 1601
dim_1602,integer,,Pmapper dimension index 1602
dim_1603,integer,,Pmapper dimension index 1603
dim_1604,integer,,Pmapper dimension index 1604
dim_1605,integer,,Pmapper dimension index 1605
dim_1606,integer,,Pmapper dimension index 1606
dim_1607,integer,,Pmapper dimension index 1607
dim_1608,integer,,Pmapper dimension index 1608
dim_1609,integer,,Pmapper dimension index 1609
dim_1610,integer,,Pmapper dimension index 1610
dim_1611,integer,,Pmapper dimension index 1611
dim_1612,integer,,Pmapper dimension index 1612
dim_1613,integer,,Pmapper dimension index 1613
dim_1614,integer,,Pmapper dimension index 1614
dim_1615,integer,,Pmapper dimension index 1615
dim_1616,integer,,Pmapper dimension index 1616
dim_1617,integer,,Pmapper dimension index 1617
dim_1618,integer,,Pmapper dimension index 1618
dim_1619,integer,,Pmapper dimension index 1619
dim_1620,integer,,Pmapper dimension index 1620
dim_1621,integer,,Pmapper dimension index 1621
dim_1622,integer,,Pmapper dimension index 1622
dim_1623,integer,,Pmapper dimension index 1623
dim_1624,integer,,Pmapper dimension index 1624
dim_1625,integer,,Pmapper dimension index 1625
dim_1626,integer,,Pmapper dimension index 1626
dim_1627,integer,,Pmapper dimension index 1627
dim_1628,integer,,Pmapper dimension index 1628
dim_1629,integer,,Pmapper dimension index 1629
dim_1630,integer,,Pmapper dimension index 1630
dim_1631,integer,,Pmapper dimension index 1631
dim_1632,integer,,Pmapper dimension index 1632
dim_1633,integer,,Pmapper dimension index 1633
dim_1634,integer,,Pmapper dimension index 1634
dim_1635,integer,,Pmapper dimension index 1635
dim_1636,integer,,Pmapper dimension index 1636
dim_1637,integer,,Pmapper dimension index 1637
dim_1638,integer,,Pmapper dimension index 1638
dim_1639,integer,,Pmapper dimension index 1639
dim_1640,integer,,Pmapper dimension index 1640
dim_1641,integer,,Pmapper dimension index 1641
dim_1642,integer,,Pmapper dimension index 1642
dim_1643,integer,,Pmapper dimension index 1643
dim_1644,integer,,Pmapper dimension index 1644
dim_1645,integer,,Pmapper dimension index 1645
dim_1646,integer,,Pmapper dimension index 1646
dim_1647,integer,,Pmapper dimension index 1647
dim_1648,integer,,Pmapper dimension index 1648
dim_1649,integer,,Pmapper dimension index 1649
dim_1650,integer,,Pmapper dimension index 1650
dim_1651,integer,,Pmapper dimension index 1651
dim_1652,integer,,Pmapper dimension index 1652
dim_1653,integer,,Pmapper dimension index 1653
dim_1654,integer,,Pmapper dimension index 1654
dim_1655,integer,,Pmapper dimension index 1655
dim_1656,integer,,Pmapper dimension index 1656
dim_1657,integer,,Pmapper dimension index 1657
dim_1658,integer,,Pmapper dimension index 1658
dim_1659,integer,,Pmapper dimension index 1659
dim_1660,integer,,Pmapper dimension index 1660
dim_1661,integer,,Pmapper dimension index 1661
dim_1662,integer,,Pmapper dimension index 1662
dim_1663,integer,,Pmapper dimension index 1663
dim_1664,integer,,Pmapper dimension index 1664
dim_1665,integer,,Pmapper dimension index 1665
dim_1666,integer,,Pmapper dimension index 1666
dim_1667,integer,,Pmapper dimension index 1667
dim_1668,integer,,Pmapper dimension index 1668
dim_1669,integer,,Pmapper dimension index 1669
dim_1670,integer,,Pmapper dimension index 1670
dim_1671,integer,,Pmapper dimension index 1671
dim_1672,integer,,Pmapper dimension index 1672
dim_1673,integer,,Pmapper dimension index 1673
dim_1674,integer,,Pmapper dimension index 1674
dim_1675,integer,,Pmapper dimension index 1675
dim_1676,integer,,Pmapper dimension index 1676
dim_1677,integer,,Pmapper dimension index 1677
dim_1678,integer,,Pmapper dimension index 1678
dim_1679,integer,,Pmapper dimension index 1679
dim_1680,integer,,Pmapper dimension index 1680
dim_1681,integer,,Pmapper dimension index 1681
dim_1682,integer,,Pmapper dimension index 1682
dim_1683,integer,,Pmapper dimension index 1683
dim_1684,integer,,Pmapper dimension index 1684
dim_1685,integer,,Pmapper dimension index 1685
dim_1686,integer,,Pmapper dimension index 1686
dim_1687,integer,,Pmapper dimension index 1687
dim_1688,integer,,Pmapper dimension index 1688
dim_1689,integer,,Pmapper dimension index 1689
dim_1690,integer,,Pmapper dimension index 1690
dim_1691,integer,,Pmapper dimension index 1691
dim_1692,integer,,Pmapper dimension index 1692
dim_1693,integer,,Pmapper dimension index 1693
dim_1694,integer,,Pmapper dimension index 1694
dim_1695,integer,,Pmapper dimension index 1695
dim_1696,integer,,Pmapper dimension index 1696
dim_1697,integer,,Pmapper dimension index 1697
dim_1698,integer,,Pmapper dimension index 1698
dim_1699,integer,,Pmapper dimension index 1699
dim_1700,integer,,Pmapper dimension index 1700
dim_1701,integer,,Pmapper dimension index 1701
dim_1702,integer,,Pmapper dimension index 1702
dim_1703,integer,,Pmapper dimension index 1703
dim_1704,integer,,Pmapper dimension index 1704
dim_1705,integer,,Pmapper dimension index 1705
dim_1706,integer,,Pmapper dimension index 1706
dim_1707,integer,,Pmapper dimension index 1707
dim_1708,integer,,Pmapper dimension index 1708
dim_1709,integer,,Pmapper dimension index 1709
dim_1710,integer,,Pmapper dimension index 1710
dim_1711,integer,,Pmapper dimension index 1711
dim_1712,integer,,Pmapper dimension index 1712
dim_1713,integer,,Pmapper dimension index 1713
dim_1714,integer,,Pmapper dimension index 1714
dim_1715,integer,,Pmapper dimension index 1715
dim_1716,integer,,Pmapper dimension index 1716
dim_1717,integer,,Pmapper dimension index 1717
dim_1718,integer,,Pmapper dimension index 1718
dim_1719,integer,,Pmapper dimension index 1719
dim_1720,integer,,Pmapper dimension index 1720
dim_1721,integer,,Pmapper dimension index 1721
dim_1722,integer,,Pmapper dimension index 1722
dim_1723,integer,,Pmapper dimension index 1723
dim_1724,integer,,Pmapper dimension index 1724
dim_1725,integer,,Pmapper dimension index 1725
dim_1726,integer,,Pmapper dimension index 1726
dim_1727,integer,,Pmapper dimension index 1727
dim_1728,integer,,Pmapper dimension index 1728
dim_1729,integer,,Pmapper dimension index 1729
dim_1730,integer,,Pmapper dimension index 1730
dim_1731,integer,,Pmapper dimension index 1731
dim_1732,integer,,Pmapper dimension index 1732
dim_1733,integer,,Pmapper dimension index 1733
dim_1734,integer,,Pmapper dimension index 1734
dim_1735,integer,,Pmapper dimension index 1735
dim_1736,integer,,Pmapper dimension index 1736
dim_1737,integer,,Pmapper dimension index 1737
dim_1738,integer,,Pmapper dimension index 1738
dim_1739,integer,,Pmapper dimension index 1739
dim_1740,integer,,Pmapper dimension index 1740
dim_1741,integer,,Pmapper dimension index 1741
dim_1742,integer,,Pmapper dimension index 1742
dim_1743,integer,,Pmapper dimension index 1743
dim_1744,integer,,Pmapper dimension index 1744
dim_1745,integer,,Pmapper dimension index 1745
dim_1746,integer,,Pmapper dimension index 1746
dim_1747,integer,,Pmapper dimension index 1747
dim_1748,integer,,Pmapper dimension index 1748
dim_1749,integer,,Pmapper dimension index 1749
dim_1750,integer,,Pmapper dimension index 1750
dim_1751,integer,,Pmapper dimension index 1751
dim_1752,integer,,Pmapper dimension index 1752
dim_1753,integer,,Pmapper dimension index 1753
dim_1754,integer,,Pmapper dimension index 1754
dim_1755,integer,,Pmapper dimension index 1755
dim_1756,integer,,Pmapper dimension index 1756
dim_1757,integer,,Pmapper dimension index 1757
dim_1758,integer,,Pmapper dimension index 1758
dim_1759,integer,,Pmapper dimension index 1759
dim_1760,integer,,Pmapper dimension index 1760
dim_1761,integer,,Pmapper dimension index 1761
dim_1762,integer,,Pmapper dimension index 1762
dim_1763,integer,,Pmapper dimension index 1763
dim_1764,integer,,Pmapper dimension index 1764
dim_1765,integer,,Pmapper dimension index 1765
dim_1766,integer,,Pmapper dimension index 1766
dim_1767,integer,,Pmapper dimension index 1767
dim_1768,integer,,Pmapper dimension index 1768
dim_1769,integer,,Pmapper dimension index 1769
dim_1770,integer,,Pmapper dimension index 1770
dim_1771,integer,,Pmapper dimension index 1771
dim_1772,integer,,Pmapper dimension index 1772
dim_1773,integer,,Pmapper dimension index 1773
dim_1774,integer,,Pmapper dimension index 1774
dim_1775,integer,,Pmapper dimension index 1775
dim_1776,integer,,Pmapper dimension index 1776
dim_1777,integer,,Pmapper dimension index 1777
dim_1778,integer,,Pmapper dimension index 1778
dim_1779,integer,,Pmapper dimension index 1779
dim_1780,integer,,Pmapper dimension index 1780
dim_1781,integer,,Pmapper dimension index 1781
dim_1782,integer,,Pmapper dimension index 1782
dim_1783,integer,,Pmapper dimension index 1783
dim_1784,integer,,Pmapper dimension index 1784
dim_1785,integer,,Pmapper dimension index 1785
dim_1786,integer,,Pmapper dimension index 1786
dim_1787,integer,,Pmapper dimension index 1787
dim_1788,integer,,Pmapper dimension index 1788
dim_1789,integer,,Pmapper dimension index 1789
dim_1790,integer,,Pmapper dimension index 1790
dim_1791,integer,,Pmapper dimension index 1791
dim_1792,integer,,Pmapper dimension index 1792
dim_1793,integer,,Pmapper dimension index 1793
dim_1794,integer,,Pmapper dimension index 1794
dim_1795,integer,,Pmapper dimension index 1795
dim_1796,integer,,Pmapper dimension index 1796
dim_1797,integer,,Pmapper dimension index 1797
dim_1798,integer,,Pmapper dimension index 1798
dim_1799,integer,,Pmapper dimension index 1799
dim_1800,integer,,Pmapper dimension index 1800
dim_1801,integer,,Pmapper dimension index 1801
dim_1802,integer,,Pmapper dimension index 1802
dim_1803,integer,,Pmapper dimension index 1803
dim_1804,integer,,Pmapper dimension index 1804
dim_1805,integer,,Pmapper dimension index 1805
dim_1806,integer,,Pmapper dimension index 1806
dim_1807,integer,,Pmapper dimension index 1807
dim_1808,integer,,Pmapper dimension index 1808
dim_1809,integer,,Pmapper dimension index 1809
dim_1810,integer,,Pmapper dimension index 1810
dim_1811,integer,,Pmapper dimension index 1811
dim_1812,integer,,Pmapper dimension index 1812
dim_1813,integer,,Pmapper dimension index 1813
dim_1814,integer,,Pmapper dimension index 1814
dim_1815,integer,,Pmapper dimension index 1815
dim_1816,integer,,Pmapper dimension index 1816
dim_1817,integer,,Pmapper dimension index 1817
dim_1818,integer,,Pmapper dimension index 1818
dim_1819,integer,,Pmapper dimension index 1819
dim_1820,integer,,Pmapper dimension index 1820
dim_1821,integer,,Pmapper dimension index 1821
dim_1822,integer,,Pmapper dimension index 1822
dim_1823,integer,,Pmapper dimension index 1823
dim_1824,integer,,Pmapper dimension index 1824
dim_1825,integer,,Pmapper dimension index 1825
dim_1826,integer,,Pmapper dimension index 1826
dim_1827,integer,,Pmapper dimension index 1827
dim_1828,integer,,Pmapper dimension index 1828
dim_1829,integer,,Pmapper dimension index 1829
dim_1830,integer,,Pmapper dimension index 1830
dim_1831,integer,,Pmapper dimension index 1831
dim_1832,integer,,Pmapper dimension index 1832
dim_1833,integer,,Pmapper dimension index 1833
dim_1834,integer,,Pmapper dimension index 1834
dim_1835,integer,,Pmapper dimension index 1835
dim_1836,integer,,Pmapper dimension index 1836
dim_1837,integer,,Pmapper dimension index 1837
dim_1838,integer,,Pmapper dimension index 1838
dim_1839,integer,,Pmapper dimension index 1839
dim_1840,integer,,Pmapper dimension index 1840
dim_1841,integer,,Pmapper dimension index 1841
dim_1842,integer,,Pmapper dimension index 1842
dim_1843,integer,,Pmapper dimension index 1843
dim_1844,integer,,Pmapper dimension index 1844
dim_1845,integer,,Pmapper dimension index 1845
dim_1846,integer,,Pmapper dimension index 1846
dim_1847,integer,,Pmapper dimension index 1847
dim_1848,integer,,Pmapper dimension index 1848
dim_1849,integer,,Pmapper dimension index 1849
dim_1850,integer,,Pmapper dimension index 1850
dim_1851,integer,,Pmapper dimension index 1851
dim_1852,integer,,Pmapper dimension index 1852
dim_1853,integer,,Pmapper dimension index 1853
dim_1854,integer,,Pmapper dimension index 1854
dim_1855,integer,,Pmapper dimension index 1855
dim_1856,integer,,Pmapper dimension index 1856
dim_1857,integer,,Pmapper dimension index 1857
dim_1858,integer,,Pmapper dimension index 1858
dim_1859,integer,,Pmapper dimension index 1859
dim_1860,integer,,Pmapper dimension index 1860
dim_1861,integer,,Pmapper dimension index 1861
dim_1862,integer,,Pmapper dimension index 1862
dim_1863,integer,,Pmapper dimension index 1863
dim_1864,integer,,Pmapper dimension index 1864
dim_1865,integer,,Pmapper dimension index 1865
dim_1866,integer,,Pmapper dimension index 1866
dim_1867,integer,,Pmapper dimension index 1867
dim_1868,integer,,Pmapper dimension index 1868
dim_1869,integer,,Pmapper dimension index 1869
dim_1870,integer,,Pmapper dimension index 1870
dim_1871,integer,,Pmapper dimension index 1871
dim_1872,integer,,Pmapper dimension index 1872
dim_1873,integer,,Pmapper dimension index 1873
dim_1874,integer,,Pmapper dimension index 1874
dim_1875,integer,,Pmapper dimension index 1875
dim_1876,integer,,Pmapper dimension index 1876
dim_1877,integer,,Pmapper dimension index 1877
dim_1878,integer,,Pmapper dimension index 1878
dim_1879,integer,,Pmapper dimension index 1879
dim_1880,integer,,Pmapper dimension index 1880
dim_1881,integer,,Pmapper dimension index 1881
dim_1882,integer,,Pmapper dimension index 1882
dim_1883,integer,,Pmapper dimension index 1883
dim_1884,integer,,Pmapper dimension index 1884
dim_1885,integer,,Pmapper dimension index 1885
dim_1886,integer,,Pmapper dimension index 1886
dim_1887,integer,,Pmapper dimension index 1887
dim_1888,integer,,Pmapper dimension index 1888
dim_1889,integer,,Pmapper dimension index 1889
dim_1890,integer,,Pmapper dimension index 1890
dim_1891,integer,,Pmapper dimension index 1891
dim_1892,integer,,Pmapper dimension index 1892
dim_1893,integer,,Pmapper dimension index 1893
dim_1894,integer,,Pmapper dimension index 1894
dim_1895,integer,,Pmapper dimension index 1895
dim_1896,integer,,Pmapper dimension index 1896
dim_1897,integer,,Pmapper dimension index 1897
dim_1898,integer,,Pmapper dimension index 1898
dim_1899,integer,,Pmapper dimension index 1899
dim_1900,integer,,Pmapper dimension index 1900
dim_1901,integer,,Pmapper dimension index 1901
dim_1902,integer,,Pmapper dimension index 1902
dim_1903,integer,,Pmapper dimension index 1903
dim_1904,integer,,Pmapper dimension index 1904
dim_1905,integer,,Pmapper dimension index 1905
dim_1906,integer,,Pmapper dimension index 1906
dim_1907,integer,,Pmapper dimension index 1907
dim_1908,integer,,Pmapper dimension index 1908
dim_1909,integer,,Pmapper dimension index 1909
dim_1910,integer,,Pmapper dimension index 1910
dim_1911,integer,,Pmapper dimension index 1911
dim_1912,integer,,Pmapper dimension index 1912
dim_1913,integer,,Pmapper dimension index 1913
dim_1914,integer,,Pmapper dimension index 1914
dim_1915,integer,,Pmapper dimension index 1915
dim_1916,integer,,Pmapper dimension index 1916
dim_1917,integer,,Pmapper dimension index 1917
dim_1918,integer,,Pmapper dimension index 1918
dim_1919,integer,,Pmapper dimension index 1919
dim_1920,integer,,Pmapper dimension index 1920
dim_1921,integer,,Pmapper dimension index 1921
dim_1922,integer,,Pmapper dimension index 1922
dim_1923,integer,,Pmapper dimension index 1923
dim_1924,integer,,Pmapper dimension index 1924
dim_1925,integer,,Pmapper dimension index 1925
dim_1926,integer,,Pmapper dimension index 1926
dim_1927,integer,,Pmapper dimension index 1927
dim_1928,integer,,Pmapper dimension index 1928
dim_1929,integer,,Pmapper dimension index 1929
dim_1930,integer,,Pmapper dimension index 1930
dim_1931,integer,,Pmapper dimension index 1931
dim_1932,integer,,Pmapper dimension index 1932
dim_1933,integer,,Pmapper dimension index 1933
dim_1934,integer,,Pmapper dimension index 1934
dim_1935,integer,,Pmapper dimension index 1935
dim_1936,integer,,Pmapper dimension index 1936
dim_1937,integer,,Pmapper dimension index 1937
dim_1938,integer,,Pmapper dimension index 1938
dim_1939,integer,,Pmapper dimension index 1939
dim_1940,integer,,Pmapper dimension index 1940
dim_1941,integer,,Pmapper dimension index 1941
dim_1942,integer,,Pmapper dimension index 1942
dim_1943,integer,,Pmapper dimension index 1943
dim_1944,integer,,Pmapper dimension index 1944
dim_1945,integer,,Pmapper dimension index 1945
dim_1946,integer,,Pmapper dimension index 1946
dim_1947,integer,,Pmapper dimension index 1947
dim_1948,integer,,Pmapper dimension index 1948
dim_1949,integer,,Pmapper dimension index 1949
dim_1950,integer,,Pmapper dimension index 1950
dim_1951,integer,,Pmapper dimension index 1951
dim_1952,integer,,Pmapper dimension index 1952
dim_1953,integer,,Pmapper dimension index 1953
dim_1954,integer,,Pmapper dimension index 1954
dim_1955,integer,,Pmapper dimension index 1955
dim_1956,integer,,Pmapper dimension index 1956
dim_1957,integer,,Pmapper dimension index 1957
dim_1958,integer,,Pmapper dimension index 1958
dim_1959,integer,,Pmapper dimension index 1959
dim_1960,integer,,Pmapper dimension index 1960
dim_1961,integer,,Pmapper dimension index 1961
dim_1962,integer,,Pmapper dimension index 1962
dim_1963,integer,,Pmapper dimension index 1963
dim_1964,integer,,Pmapper dimension index 1964
dim_1965,integer,,Pmapper dimension index 1965
dim_1966,integer,,Pmapper dimension index 1966
dim_1967,integer,,Pmapper dimension index 1967
dim_1968,integer,,Pmapper dimension index 1968
dim_1969,integer,,Pmapper dimension index 1969
dim_1970,integer,,Pmapper dimension index 1970
dim_1971,integer,,Pmapper dimension index 1971
dim_1972,integer,,Pmapper dimension index 1972
dim_1973,integer,,Pmapper dimension index 1973
dim_1974,integer,,Pmapper dimension index 1974
dim_1975,integer,,Pmapper dimension index 1975
dim_1976,integer,,Pmapper dimension index 1976
dim_1977,integer,,Pmapper dimension index 1977
dim_1978,integer,,Pmapper dimension index 1978
dim_1979,integer,,Pmapper dimension index 1979
dim_1980,integer,,Pmapper dimension index 1980
dim_1981,integer,,Pmapper dimension index 1981
dim_1982,integer,,Pmapper dimension index 1982
dim_1983,integer,,Pmapper dimension index 1983
dim_1984,integer,,Pmapper dimension index 1984
dim_1985,integer,,Pmapper dimension index 1985
dim_1986,integer,,Pmapper dimension index 1986
dim_1987,integer,,Pmapper dimension index 1987
dim_1988,integer,,Pmapper dimension index 1988
dim_1989,integer,,Pmapper dimension index 1989
dim_1990,integer,,Pmapper dimension index 1990
dim_1991,integer,,Pmapper dimension index 1991
dim_1992,integer,,Pmapper dimension index 1992
dim_1993,integer,,Pmapper dimension index 1993
dim_1994,integer,,Pmapper dimension index 1994
dim_1995,integer,,Pmapper dimension index 1995
dim_1996,integer,,Pmapper dimension index 1996
dim_1997,integer,,Pmapper dimension index 1997
dim_1998,integer,,Pmapper dimension index 1998
dim_1999,integer,,Pmapper dimension index 1999
dim_2000,integer,,Pmapper dimension index 2000
dim_2001,integer,,Pmapper dimension index 2001
dim_2002,integer,,Pmapper dimension index 2002
dim_2003,integer,,Pmapper dimension index 2003
dim_2004,integer,,Pmapper dimension index 2004
dim_2005,integer,,Pmapper dimension index 2005
dim_2006,integer,,Pmapper dimension index 2006
dim_2007,integer,,Pmapper dimension index 2007
dim_2008,integer,,Pmapper dimension index 2008
dim_2009,integer,,Pmapper dimension index 2009
dim_2010,integer,,Pmapper dimension index 2010
dim_2011,integer,,Pmapper dimension index 2011
dim_2012,integer,,Pmapper dimension index 2012
dim_2013,integer,,Pmapper dimension index 2013
dim_2014,integer,,Pmapper dimension index 2014
dim_2015,integer,,Pmapper dimension index 2015
dim_2016,integer,,Pmapper dimension index 2016
dim_2017,integer,,Pmapper dimension index 2017
dim_2018,integer,,Pmapper dimension index 2018
dim_2019,integer,,Pmapper dimension index 2019
dim_2020,integer,,Pmapper dimension index 2020
dim_2021,integer,,Pmapper dimension index 2021
dim_2022,integer,,Pmapper dimension index 2022
dim_2023,integer,,Pmapper dimension index 2023
dim_2024,integer,,Pmapper dimension index 2024
dim_2025,integer,,Pmapper dimension index 2025
dim_2026,integer,,Pmapper dimension index 2026
dim_2027,integer,,Pmapper dimension index 2027
dim_2028,integer,,Pmapper dimension index 2028
dim_2029,integer,,Pmapper dimension index 2029
dim_2030,integer,,Pmapper dimension index 2030
dim_2031,integer,,Pmapper dimension index 2031
dim_2032,integer,,Pmapper dimension index 2032
dim_2033,integer,,Pmapper dimension index 2033
dim_2034,integer,,Pmapper dimension index 2034
dim_2035,integer,,Pmapper dimension index 2035
dim_2036,integer,,Pmapper dimension index 2036
dim_2037,integer,,Pmapper dimension index 2037
dim_2038,integer,,Pmapper dimension index 2038
dim_2039,integer,,Pmapper dimension index 2039
dim_2040,integer,,Pmapper dimension index 2040
dim_2041,integer,,Pmapper dimension index 2041
dim_2042,integer,,Pmapper dimension index 2042
dim_2043,integer,,Pmapper dimension index 2043
dim_2044,integer,,Pmapper dimension index 2044
dim_2045,integer,,Pmapper dimension index 2045
dim_2046,integer,,Pmapper dimension index 2046
dim_2047,integer,,Pmapper dimension index 2047
